"LOCATION","INCOME_CLASS","MEAN_RATE_NEO","MEAN_RATE_NEO_U5","FERTILITY_RATE_LAGGED","PLUS_65_YEARS_LAGGED","GDP_PPP_LAGGED1","TAX_PPP_LAGGED2","PUBLIC_EXP_LAGGED2","PROP_PUBLIC_HEALTH_EXP_LAGGED2","OOP_PPP_LAGGED3","GINI_LAGGED","POVERTY_GAP_LAGGED","INFLATION_LAGGED","UNEMPLOYMENT_LAGGED","BASIC_SANITATION_LAGGED","BASIC_WATER_LAGGED","UNEMPLOYMENT_FEM_LAGGED","SCHOOL_FEM_LAGGED","WOMEN_PARLIAMENT_LAGGED","SCHOOL_LIFE_EXP_LAGGED","OUT_OF_SCHOOL_LAGGED","CONTROL_CORRUPTION_LAGGED","GOV_EFFECTIVENESS_LAGGED","POLITICAL_STABILITY_LAGGED","REGULATORY_QUALITY_LAGGED","RULE_OF_LAW_LAGGED","UNDERNOURISHMENT_LAGGED","DOCTORS_LAGGED","DELIVERY_ASSISTANCE_LAGGED","AIDS_PREVALENCE_LAGGED","MALARIA_INCIDENCE_LAGGED","DPT_LAGGED","HOSPITAL_BEDS_LAGGED","ELECTRICITY_LAGGED","URBAN_RATE_LAGGED","SURFACE","pop","POP_DENS","LONG","LAT"
"Albania","UM",5.88611166565962,6.38075835656756,1.99024434194452,0.120194894329629,495921.590601085,839443.157202645,138502.841722018,0.00345014133958304,0,24.2,0.2,1.86502617767673,15.5773334503174,97.2552788305008,89.4342415762131,13.3216667175293,6.51778333333333,17.8571428571429,6.65289666666667,5.3344,-0.6577676,-0.223425833333333,0.144761466666667,0.2102926,-0.458732033333333,3.96666666666667,1.2728,100,0.1,7.97097718710294,98.6666666666667,2.9,100,55.38,28750,2820483.17988403,98.103762778575,20.0324264314432,41.1413533060488
"Angola","LM",22.2560905412522,32.9762617575776,5.34296496006467,0.0211404097027871,53270.6014398551,43455.710904356,10260.4056439268,0.000690810076660147,3.05386041557061,41.8666666666667,8.4,8.77870217294042,7.3700000445048,44.8544323569913,52.7557993450609,7.75966660181681,2.47597,35,2.33504,48.45341,-1.34072566666667,-1.11215723333333,-0.371262666666667,-1.00415366666667,-1.21852933333333,29.2333333333333,0.1844,55.6,1.76666666666667,181.093501541349,54,0.3,34.9374847412109,62.0003333333333,1246700,24484796.3778752,19.6396858730049,17.4705725523135,-12.2458690361332
"Argentina","UM",5.97933764320046,4.82843635368356,2.12458571306821,0.105197412601514,16383.891529201,13498.4317567071,4583.37526584157,0.0196117981862884,16.3080748802452,29.6666666666667,0.4,4.02130708194858,7.19500001271566,94.0367845186149,98.9304671343853,8.55933348337809,6.53955333333333,36.8352788586251,6.30804,0.79834,-0.472347333333333,-0.225086466666667,0.0544109666666667,-0.986911733333333,-0.757797333333333,2.83333333333333,3.9385,98.28,0.4,0,93,4.86666666666667,99.7935943603516,91.249,2780400,42523291.7553367,15.2939475454383,-65.1753607711417,-35.4468214894951
"Armenia","LM",6.09068039991699,5.89501120916732,1.75394431889735,0.105029010192029,1732006.07277632,3331796.93046658,421356.633220056,0.000337615493487723,590.757999593156,24.9666666666667,0.266666666666667,3.77633218412078,16.9926668802897,92.2100673846674,99.2606450979843,18.5953330993652,7.03344,10.6870229007634,6.86899,1.47659666666667,-0.547911,-0.0571035666666667,-0.0106519,0.2717895,-0.376010266666667,3.26666666666667,2.89756666666667,100,0.2,0,94.3333333333333,4.05,99.9406356811523,63.172,29740,3071093.6945981,103.264750995229,45.0002900110148,40.2166076123014
"Australia","H",2.10670036512767,1.50791078399165,1.85119438908778,0.145948011242112,76999.7251618398,160658.460928445,26565.4554117736,0.118670996798904,822.629218460971,27,0.4,2.23353050095712,5.65433343251546,99.9911523822512,99.9446436679464,5.70233345031738,6.61811,25.5555555555556,5.82992666666667,0.519195,1.87484833333333,1.622808,1.02042073333333,1.81701466666667,1.82289666666667,2.5,3.35673333333333,99.5,0.1,6.92021717083248,91.6666666666667,3.8,100,85.502,7741220,22605787.3660819,2.92018407513052,134.502775475366,-25.7306547797261
"Austria","H",1.93600936530186,1.33670107187504,1.49117680626457,0.182918860084312,41007.8562895817,102967.760684067,19980.6801919449,0.186788818451289,909.686341812654,23.9666666666667,0.233333333333333,2.03054552855672,5.27333323160807,99.9804526086585,100.000001891373,5.15399996439616,7.63616,31.1475409836065,7.76003666666667,3.21996333333333,1.47175366666667,1.57897866666667,1.32512266666667,1.500866,1.88734166666667,2.5,4.9654,98.5,0.9,5.31680621061378,95,7.65,100,57.3363333333333,83879.00390625,8510984.80715476,101.467404365785,14.0761588843371,47.6139487927463
"Azerbaijan","UM",17.1152348229723,11.4691987637642,1.94897781735695,0.0520769919347807,2917.42370531919,3651.45412472721,896.311846994092,0.101493654182848,277.694153072744,26.6666666666667,2.13333333333333,1.62556641862242,5.02333323160807,89.0878147969291,88.6658946202231,5.95933341979981,6.77805,15.7158469945355,7.44559666666667,12.7261466666667,-1.0374728,-0.540498066666667,-0.5628404,-0.380348233333333,-0.743535966666667,2.5,3.46396666666667,99.8666666666667,0.1,0.00469291885474007,92,4.65,99.9999033610026,54.15,86600,9652806.50707472,111.464278372687,47.5539095580061,40.2206905476617
"Belarus","UM",2.43095742184407,3.17162683497182,1.68422557956996,0.136838657223462,8179.99798294441,9976.37348321205,2942.03994217277,0.179994805169582,242.907392277127,22.1666666666667,0,31.8838504712375,6.04066673914592,97.1585154131378,96.7288862096382,4.50233332316081,7.25755666666667,26.605504587156,7.33161333333333,0.70573,-0.4312176,-0.7615371,0.0847855333333333,-1.04879933333333,-0.8927428,2.5,4.9002,99.8666666666667,0.3,0.101089144539665,97.6666666666667,11.15,100,76.1963333333333,207600,9599761.44859321,46.2416254749191,27.981352615448,53.5063447948111
"Belgium","H",1.91916177027343,1.61473182720884,1.70377399966377,0.177592472695102,37382.8556267582,84459.9577514301,19125.2807439109,0.187050993687202,775.266521002267,22.0333333333333,0.1,1.43092073603044,8.16333325703939,99.4860655186069,99.9999995355232,7.83966668446859,9.74481333333333,38.4444444444444,9.22579,0.936956666666667,1.618414,1.53046966666667,0.854983933333333,1.225933,1.463001,2.5,2.9567,99.0666666666667,0.166666666666667,0.752145186828953,99,6.26666666666667,100,97.7886666666667,30530,11101081.5111655,363.612234234049,4.58083411385493,50.652440959023
"Belize","UM",9.25528742371169,6.27752565069951,2.18555764628521,0.0433332062440586,7459.74795818358,18848.6553654838,2557.42620809155,0.10606003991722,84.0365893498854,35,0.4,2.61610562137824,8.32600021362305,86.5752192364489,95.8903463976052,13.1056664784749,4.87136666666667,3.125,4.7801,9.35546666666667,-0.143837566666667,-0.437037233333333,0.13501,-0.4847367,-0.556670366666667,7.9,0.85545,94.2,0.666666666666667,0.101089144539665,96,1.1,91.5561879475911,45.2876666666667,22970,356915.925806192,15.5383511452413,-88.7034212529932,17.1970899114515
"Bhutan","LM",21.2235247492239,11.7420028734204,2.26623980697324,0.0508351659772828,81831.3805414019,91080.1022860354,20327.5960773016,0.00472949932135385,21.3752213699185,30.7,0.4,8.73246151694777,2.51666665077209,65.2017689799135,95.1848334997336,3.19666663805644,4.76278666666667,7.80141843971631,4.56902333333333,17.58686,1.04061183333333,0.3897359,0.876324466666667,-1.05459043333333,0.3018841,21.2333333333333,0.300533333333333,84.2,0.1,0.0740641103462617,97.6666666666667,1.7,93.6056874593099,37.146,38393.9990234375,757876.094026183,19.7394414049847,90.4724248062037,27.427968649102
"Bosnia and Herzegovina","UM",4.04507389199408,1.57056215882768,1.25080886672602,0.140958792619734,8586.80381781598,15873.9136173724,3409.39287993283,0.222352504477123,283.123630966325,24.9666666666667,0.2,0.354144927330362,27.6590003967285,95.2721585409863,96.3233868901673,30.2276668548584,8.12935333333333,21.4285714285714,7.37492333333333,8.79649,-0.283668233333333,-0.447701733333333,-0.320757266666667,-0.0690706666666667,-0.181308,2.5,2.03903333333333,99.9,0.4,7.97097718710294,89,3.5,99.9950358072917,46.5193333333333,51210,3607971.78513625,70.4544382959627,17.8168832703901,44.1807677629747
"Botswana","UM",20.9718034615439,20.9860490063651,2.40168440804788,0.0353583590083267,40317.7338267388,82407.5534843128,12732.5084210842,0.0273227057411229,18.4684873108869,38.3,6.8,5.94125425797386,17.8763332366943,71.6825626343821,86.4472800117469,21.199333190918,3.54288666666667,8.46560846560847,5.165775,14.42826,0.903887166666667,0.416261266666667,1.072745,0.592371033333333,0.630736433333333,21.1333333333333,0.4015,99.7333333333333,22.6666666666667,0.752145186828953,95,1.53333333333333,54.2154731750488,65.5693333333333,581730,2112585.45346472,3.63155665594815,23.7730814657894,-22.0997113788264
"Brazil","UM",10.3197307574648,10.25617468235,1.89683216885452,0.0779452951317199,19164.8339909038,23218.4396744973,7123.56405449637,0.051694773018311,224.03555657066,41.8666666666667,1.1,5.97894998731084,6.94099982579549,84.7925783505437,97.0232022058816,8.64800008138021,7.22801666666667,9.03183885640026,6.97074666666667,4.82485666666667,-0.153480566666667,-0.120138533333333,-0.0942939333333333,0.0297093666666667,-0.0664958,2.5,1.882,99.0666666666667,0.5,4.93308474949941,95,2.26666666666667,99.5816306666667,85.208,8515770,204969357.460973,24.0693862634821,-53.0543400357671,-10.8067736434989
"Bulgaria","UM",3.60710070254499,3.92624739257629,1.55486002953161,0.194857195948866,13349.3220401208,24221.5111229095,4502.15925003651,0.163510890391006,587.652893669453,27.9333333333333,0.666666666666667,0.808826012191594,12.2116667429606,85.9622514932887,99.2708844732899,11.0289999643962,7.67451,22.5,7.80857333333333,1.37023333333333,-0.247340266666667,0.125990166666667,0.2096951,0.556826333333333,-0.0778758666666667,3.7,3.94583333333333,99.7,0.1,7.97097718710294,92.6666666666667,6.7,100,73.313,111000,7243257.45497682,65.2545716664578,25.1951109532771,42.7531187620217
"Burkina Faso","L",29.0383824595521,78.2401001309833,5.68188237718103,0.0293366700252029,357454.837411315,450405.408161642,79796.5691879169,0.000784618915533699,29.3273521179101,29.6,11.2,1.36460046402635,6.05566660563151,18.1478956258852,49.4918118304904,8.64599990844727,1.85339666666667,15.748031496063,2.03276333333333,48.45341,-0.488938933333333,-0.621220166666667,-0.707882633333333,-0.200932133333333,-0.504833366666667,18,0.0477333333333333,44.3,1.03333333333333,483.709272520909,89.6666666666667,1.53333333333333,17.5615117390951,26.349,274220,18703706.5590436,68.2069380754269,-1.77653745205594,12.3116504941367
"Cambodia","LM",17.3683046543449,14.8683485527862,2.72430212266762,0.0457842003259573,3074914.96682871,3980303.02788667,584680.091196425,0.0000865245247359954,71.1672962298417,29.2,3.4,3.24352111051026,0.544999986886978,47.0688306189272,72.2504988977707,0.572666664918264,3.0424,20.3252032520325,3.6815,22.031605,-1.08676466666667,-0.803657666666667,-0.0722795,-0.367641733333333,-0.979667133333333,14.1,0.277866666666667,81.5,0.733333333333333,21.0068474454871,89,0.7,46.7414708455404,21.417,181040,15197003.6827973,83.942795419782,104.876085325252,12.6847286293935
"Cameroon","LM",24.4288598920924,48.4558356047391,4.22505051287168,0.027414823375357,649753.083582051,771193.765354335,130673.827404768,0.000220639876621235,79.4454203354367,35,8.4,2.21191723222946,3.69399992624919,38.9017882568083,60.2648489971374,4.27300008138021,3.54288666666667,25.3703703703704,3.86699,37.224825,-1.21019333333333,-0.8692641,-0.7266689,-0.916916166666667,-0.996306433333333,6.86666666666667,0.1658,64.7,3.96666666666667,244.084403474705,85.6666666666667,0.9,56.166468556722,53.3726666666667,475440,24344704.9211129,51.2045787504478,12.6115515465018,5.6630952879927
"Canada","H",3.00552962003225,1.92000059731364,1.62076742518499,0.154809970813921,56537.9525679619,66904.5872948898,21708.8533522039,0.156737133644773,592.206411541602,25.1,0.1,1.45353534541305,7.09333324432373,99.4403444075992,99.3417522349337,6.60166676839193,6.48738,24.8106941918017,6.48292,0.359006666666667,1.883465,1.771656,1.11664733333333,1.766314,1.80341333333333,2.5,2.44773333333333,98,1.5,0.564696776334724,91,2.7,100,81.1776666666667,9984670,34672785.0203103,3.47260200089841,-98.142381372097,61.4690761453489
"Central African Republic","L",40.0030811174486,84.5170506599448,4.90399404735359,0.0227933646127696,143197.940142472,79032.7999601377,17595.001340012,0.000750967157541379,8.59901655746915,33,21.3,2.2854078815463,3.9326666990916,24.9400284140655,46.0399718943222,3.85366662343343,0.86941,12.5,1.27752,55.90618,-1.08123386666667,-1.63558166666667,-2.235671,-1.21440233333333,-1.64404966666667,16.7,0.1844,55.6,4.5,404.317503353443,39,0.9,12.1890544891358,39.67,622980,4759985.15105812,7.64067089000949,20.3743472912439,6.54277870592131
"Chile","H",4.0872043633774,2.94770490942289,1.74306825135678,0.101229775873533,8203402.67359468,13200616.9630137,1900703.35041144,0.000410319399311836,462.164673035392,37.4,0.2,3.17189307350769,6.51266670227051,98.7854946738612,99.1559100312141,7.47599999109904,5.79695333333333,15.2777777777778,5.74177,2.10500666666667,1.53743066666667,1.22997466666667,0.380787166666667,1.50812633333333,1.397619,3.2,1.88516666666667,99.7933333333333,0.4,0,92,2.2,99.8178538004557,87.246,756096.015625,17110446.0312007,22.6299910032682,-71.5206439451643,-39.0470143099484
"China","UM",3.90875207020999,5.15878040413066,1.43480788185869,0.0970746463485807,54720.589567428,45123.7840968689,15438.8836715962,0.0266145535934216,204.981461611504,30.5,0.7,2.38740620261176,4.58966684341431,78.4446042606766,90.5083201863638,3.97733330726623,6.73169,22.7086159268329,6.83715333333333,3.47296666666667,-0.3780407,0.1166541,-0.535052,-0.270597533333333,-0.493985833333333,2.5,1.6192,99.8666666666667,0.133333333333333,0.000220423567130466,99,4.2,99.9659957885742,53.0123333333333,9562911.25,1381805454.22567,144.496316874808,103.883612300632,36.5550665318587
"Colombia","UM",6.85788145225001,6.10219615167632,2.19069705318825,0.080209307061206,16965148.3311652,23472862.4032556,4458840.06758604,0.000142420656043602,137.197326151503,41.4666666666667,2.2,2.69441427549248,9.12133312225342,85.4543623430073,96.0033402551595,11.7836666107178,5.99373666666667,14.7073141049045,5.75656666666667,4.90154333333333,-0.387094266666667,-0.00208206666666667,-1.26945866666667,0.433268033333333,-0.350553833333333,8.43333333333333,1.81216666666667,98.7666666666667,0.433333333333333,6.92021717083248,90.6666666666667,1.5,97.5341773333333,79.059,1141748.64583333,45401515.7061063,39.7648956027172,-73.0777320869748,3.9272138627097
"Congo, Rep.","LM",18.8533802797485,22.0632850927131,3.86702846879984,0.0302693929099883,303839.122616866,489544.87606575,163931.862110036,0.000200574381175379,12.8522758195382,32.7333333333333,6.1,3.51798115802982,9.99200026194255,17.7596338738776,69.0580518323574,10.7686665852865,3.41685,7.35294117647059,3.6815,14.87672,-1.181329,-1.14672666666667,-0.441343866666667,-1.30247933333333,-1.12148233333333,28.8,0.1591,92.5,3.2,229.168528188359,86.6666666666667,0.9,47.6587160746257,64.627,342000,4573950.85596958,13.3741253098526,15.1344617674135,-0.837801087225289
"Costa Rica","UM",5.20923472081781,2.98459810978624,1.74640932111174,0.0764828240566851,5629109.71040578,7207778.40303234,1009889.02772978,0.000746673883852884,231.974340925076,37.1,0.6,4.74866676412274,9.20366668701172,96.6862370981468,99.0408000178188,11.0900001525879,5.72991666666667,36.8421052631579,5.59019,7.00434,0.666534233333333,0.459676133333333,0.631246233333333,0.5566355,0.543952866666667,4.03333333333333,2.08076666666667,99.0033333333333,0.3,0.00121891685829055,92.3333333333333,1.13333333333333,99.4753686666667,74.9523333333333,51100,4504876.30297152,88.1580489818302,-84.1754230960095,9.96567112746453
"Croatia","UM",2.63300827288789,1.47495073538438,1.3807014629529,0.180331399243888,87089.5722601558,171437.799529457,38843.3522866825,0.0340114027940717,158.314093432234,23.8666666666667,0.533333333333333,1.80448646517841,16.8253335952759,96.4380761501422,99.5073981603534,17.0023333231608,8.12935333333333,23.841059602649,7.97691666666667,1.36188,0.117709,0.700280466666667,0.6228906,0.438808833333333,0.285647433333333,2.5,3.0389,99.9,0.1,0.570084402203377,95.6666666666667,5.89666666666667,100,55.7116666666667,56590,4338948.22299542,76.6734091358088,16.5661897716455,45.0162339959311
"Cyprus","H",1.83261690813562,1.3710511059132,1.33802034761829,0.122977346462204,22793.2255142991,50614.7674187956,8329.05671745217,0.113275185693551,913.606475267885,29.2333333333333,0.0333333333333333,0.211569189831887,14.5846665700277,99.35988069709,99.6722786048298,13.7236665089925,5.85773666666667,11.3095238095238,5.82992666666667,0.702013333333333,1.190891,1.29939333333333,0.5834518,1.04891543333333,1.07107633333333,6.6,2.40096666666667,98.6666666666667,0.9,10.0703427295078,99,3.45,100,67.143,9250,1189932.31879287,128.641331761391,33.0395538029541,34.9070608509434
"Denmark","H",2.35233148666459,1.16941556160415,1.73693703452658,0.178912376981574,373677.111204032,1206083.89401756,192320.303893859,0.0220518920560332,651.60280163325,23.4666666666667,0.133333333333333,1.25033572572466,7.03733348846435,99.5972325146817,100.00000071317,7.21266667048137,7.80387666666667,39.1061452513966,7.69901333333333,2.81141,2.34441333333333,1.93200966666667,0.941974633333333,1.76793966666667,1.95691233333333,2.5,3.84033333333333,96.8,0.1,0,94,3.1,100,87.2813333333333,42920,5612673.60422198,130.770587237232,9.876372937675,56.0639344617945
"El Salvador","LM",5.44386621165622,5.9546906425674,2.10685620943201,0.0766339911069275,3796.05945786893,6228.311117369,864.268001615766,0.442092520426052,154.082399756597,33,0.833333333333333,1.20958289190634,3.89666660626729,86.5387696026048,93.6182051443904,3.25899998346965,4.57936666666667,26.5873015873016,4.60845666666667,6.07189,-0.381163566666667,-0.0917122333333333,0.0587783666666667,0.319149933333333,-0.598026666666667,10.6333333333333,0.799733333333333,99,0.666666666666667,0.00655941504473572,92.6666666666667,1.16666666666667,94.616364,68.0323333333333,21040,6083765.75207485,289.152364642341,-88.8729031703238,13.7260916257942
"Equatorial Guinea","UM",18.1063682691741,20.7895538601916,3.90774235839074,0.0230716001160203,4571439.1627906,4488932.91324725,1733673.98881548,0.000094447184516878,330.320914791761,37.1,38.7,3.63849869689196,6.73133341471354,65.8560435729488,63.483960706272,6.60100015004476,4.78229666666667,15.3737373737374,3.4989,14.42826,-1.630112,-1.550789,-0.00702933333333333,-1.410882,-1.36457266666667,29.2333333333333,0.1321,88,6.3,361.481886477526,53.3333333333333,0.9,66.648671468099,69.5423333333333,28050,1169066.74834525,41.6779589427896,10.366031325064,1.64586431996008
"Estonia","H",1.17047138718324,1.58311427487846,1.5706954921133,0.180374489520484,17028.528698492,33088.9496003969,6037.3012054152,0.230045261779086,347.527447347125,26.0333333333333,0.5,2.20259710533268,8.66799990336101,99.1778261428242,99.6634220677524,8.02199983596802,6.28663,20.1947194719472,6.30118666666667,0.569873333333333,1.196085,0.981997766666667,0.721646166666667,1.51372866666667,1.242826,2.5,3.32346666666667,99.3666666666667,0.366666666666667,0.000220423567130466,93.6666666666667,5.25,100,68.1216666666667,45303.3333333333,1320357.58119124,29.1448218937071,25.8247256130266,58.6436954266309
"Ethiopia","L",27.3522765286633,26.1322553725732,4.74847583319869,0.0271725600868522,16135.6509218452,10792.0542606487,2346.12827918968,0.0126491282715328,22.1853873129032,39.2,11.2,12.5775412676498,2.24833329518636,6.405964188401,36.7260870604112,2.95633331934611,2.14043,27.7879341864717,2.25463,43.82947,-0.513930666666667,-0.485582766666667,-1.43698833333333,-1.07718466666667,-0.598820566666667,27.4,0.1844,19.3,1.23333333333333,94.9636789817718,60.6666666666667,1.7,28.5356449127197,18.5776666666667,1104300,92771086.7125669,84.0089529227265,39.5512557929377,8.65399918813258
"Fiji","UM",10.1649708934682,12.0816068783823,2.62743455127235,0.0508552593474689,10424.3442886095,23139.1172513976,3011.74718435533,0.0659936087494494,60.599388469083,29.7,0.1,2.2854078815463,4.42133331298828,92.4000871800148,93.9215540140148,5.09066677093506,6.61811,14,6.30258,3.71751,-0.0173145,-0.6830764,0.144787366666667,-0.5029177,-0.708551966666667,3.66666666666667,0.8156,99.5666666666667,0.1,2.67510081648219,99,2.6,93.2989247639974,53.706,18270,888534.453152915,48.633522340061,163.85316464458,-17.3163094263826
"Finland","H",1.19535139401805,1.05628522242082,1.59281370596093,0.194854501710416,40178.8316433865,79355.9099777066,21707.5316362243,0.144474072904652,708.369638867679,22.2,0.0333333333333333,1.77593953142939,8.18166669209798,99.447895986178,100.000000754982,7.50766674677531,8.06232,42.5,7.75694,1.39337666666667,2.201054,2.131014,1.35604466666667,1.85493233333333,1.99615466666667,2.5,3.32473333333333,99.75,0.1,0.00469291885474007,98.3333333333333,5.1,100,85.047,338420,5454622.67339361,16.1179087329165,26.2117646102964,64.5040940396365
"France","H",2.08501369936976,1.58850318209474,1.86458855688847,0.176751280626433,33999.0765279096,76234.5213467455,18682.4208031983,0.193811822990752,442.698886144227,26.4666666666667,0,1.10855654564495,9.8709996541341,98.6531636517354,99.9948483257682,9.72499974568685,7.38009333333333,26.632004621606,7.34679,2.13966333333333,1.366687,1.408426,0.434751366666667,1.12208466666667,1.45185866666667,2.5,3.1936,97.9,0.3,4.93308474949941,98.6666666666667,6.5,100,79.1356666666667,549086.9921875,64743577.1534907,117.911329306053,-2.87669669927055,42.4607043266338
"Gabon","UM",16.2422251041667,14.8530423395302,3.02899669580286,0.0395004404138424,2708490.26236995,3311175.53219521,600298.138733006,0.000345982525325083,79.513022566501,37.1,6.1,2.61610562137824,20.4089997609457,46.1957472276177,84.7836666818335,28.9176661173502,4.34860333333333,15.5263157894737,4.6145,9.35546666666667,-0.683064333333333,-0.793275866666667,0.257645633333333,-0.674916533333333,-0.506054633333333,16.2,0.0477333333333333,89.3,3.96666666666667,268.035305971609,77,0.6,88.3066467285156,87.147,267670,1585569.93096613,5.92359969726204,11.687751174902,-0.647048139804029
"Georgia","LM",5.93160122898229,4.7895762340324,1.92646144682612,0.143942171621447,8689.26532815198,16706.0217884623,2225.883733063,0.117939808425647,420.36139896373,29,1.73333333333333,0.537698279859112,18.8356666564941,90.9846742781057,96.8214842756542,16.3093331654867,5.86567,12,5.79131,1.82297,0.552134766666667,0.5600792,-0.481109233333333,0.7947585,0.0568022666666667,4.7,4.59223333333333,99.8666666666667,0.2,0,92,2.55,99.9661661783854,56.685,69700,3859713.48928099,55.3760902335867,43.4815426540903,42.162015014153
"Germany","H",1.99224601834943,1.39279147008311,1.40864924151516,0.206544572228983,38846.1424152155,42171.3099896474,16279.8739609429,0.252856002842658,648.169298933638,24.6,0,1.47333661674643,5.19700002670288,99.2247939733919,100.000000801133,4.90633344650269,8.73229666666667,35.2677947616857,8.93770333333333,3.17771333333333,1.827256,1.622427,0.8762639,1.59740633333333,1.72376066666667,2.5,4.00433333333333,98.5,0.2,0,93.6666666666667,8.25,100,77.18,357296.666666667,82027797.9534048,229.578962263119,10.2884850927429,51.1337226904078
"Ghana","LM",23.7511451229659,29.8211362064033,3.42275361565023,0.034459881458481,5044.15688170856,5822.88985011368,791.623888810895,0.0689921914965477,42.4973900391083,31.8,3.4,11.427386133485,6.24433326721191,15.848501137159,77.3934644430544,6.27133337656657,3.84517333333333,10.9090909090909,4.03193666666667,13.61787,-0.138460033333333,-0.142588,0.0281643666666667,0.0689788,0.0706273666666667,7.33333333333333,0.1321,70.8,1.83333333333333,346.445346048174,93.3333333333333,1.15,72.7621866861979,52.7466666666667,238540,27352977.1527632,114.668303650386,-1.2369685557064,7.92865181309965
"Greece","H",2.2273823322899,1.81409100433723,1.38714983046174,0.202146280347319,16677.0398971821,41636.3284591655,8336.02875596781,0.158927625465612,727.428245993246,26.3666666666667,0.566666666666667,-0.243950449260361,26.1319993336996,98.7369804083595,99.9959693188108,29.9396667480469,6.12260333333333,21,6.24673666666667,6.17234,-0.118973766666667,0.3925297,-0.176345466666667,0.496565166666667,0.418043,2.5,4.52216666666667,96.6,12.5,0,99,4.4,100,77.3536666666667,131960,10798954.2409249,81.8350579033412,22.7198134470951,39.066715899714
"Guatemala","LM",8.57729123191061,13.7222380301605,2.69598212643341,0.0483059647949678,29896.3312583222,29077.9578387642,3408.10546343471,0.0488726256386204,228.114382749485,38,2.6,3.84784685207387,2.83300002415975,64.8665849671711,92.2928683944602,3.49600005149841,3.12867333333333,13.2911392405063,3.23690666666667,27.4476833333333,-0.672460266666667,-0.729157933333333,-0.6545133,-0.189358466666667,-1.04067566666667,18.0666666666667,1.81216666666667,62.8,0.4,0.570084402203377,84.6666666666667,0.6,86.7199381401367,49.315,108890,15626610.2627212,143.508221716606,-90.3694583605315,15.6993606120269
"Hungary","H",2.15020805584047,2.03627806850103,1.41965779382795,0.175092942208483,3738559.53206914,7911675.95417097,1640458.85023913,0.000739505875373773,484.498385666803,24.1,0.2,2.38592624990973,9.63466660181682,97.9999133592883,99.9699751201088,9.55266666412351,8.09229333333333,9.22227718905407,8.09473333333333,3.13172,0.2808324,0.605751233333333,0.714115233333333,0.882048566666667,0.566636033333333,2.5,3.2263,99.1,0.1,4.93308474949941,99,7,100,69.9526666666667,93030,9876557.84871108,106.165299889402,19.3576286277459,47.1999511719543
"Iceland","H",1.49468569560814,0.882956234404936,1.89525450830571,0.130626952808672,7633160.24308569,21693280.099072,3034201.69013386,0.00108637276826117,639.541430392426,22.3,0,3.70093131346094,5.42433325449626,98.783982286324,99.9999996024561,5.17466672261556,8.15782,39.6825396825397,8.07236,1.47659666666667,1.87545066666667,1.49082566666667,1.25971366666667,1.15909133333333,1.68522833333333,2.5,3.56923333333333,97.9,0.2,5.31680621061378,90,3.23333333333333,100,93.6333333333333,103000,323416.654541569,3.13996751982106,-18.7610287708318,65.074276335291
"India","LM",24.3578738846798,12.5520443318862,2.20624290770993,0.0572535893625396,98363.4843559104,92670.2916348868,23480.4153842744,0.00202015886289234,96.8329079671145,24,2.13333333333333,8.85776115370836,5.64366658528646,49.1733342404608,89.4043930885259,5.62266667683919,4.93257,11.1454655019965,4.92865333333333,14.87672,-0.486233733333333,-0.1827117,-1.172132,-0.463725833333333,-0.0641753,15.8333333333333,0.7137,81.1,0.433333333333333,10.0703427295078,83.3333333333333,1.1,80.2462076822917,32.007,3287259.6875,1288371160.73606,391.928622382701,79.5937037632538,22.9250064074085
"Indonesia","LM",13.9438591019379,12.5290871769009,2.01183292841745,0.0517398116456288,37542975.9233336,35415825.2892329,5760394.3331761,0.0000189746474531698,105.03899593061,32.1,1.13333333333333,5.69564623539437,4.28433322906494,65.6226405046171,86.5302485497655,4.31133317947388,4.90055333333333,18.026598026598,4.91361,13.8837933333333,-0.6051243,-0.169621466666667,-0.5097838,-0.193954366666667,-0.482876866666667,9.16666666666667,0.30965,85.25,0.133333333333333,7.97097718710294,89,0.9,96.4914194353847,51.9553333333333,1910930.3125,247824599.030229,129.687931270507,117.423407562274,-2.22173793652054
"Ireland","H",2.07908719095556,1.26613080154285,1.81261673799219,0.122000955255681,60969.2338156677,106479.688722655,15930.3732296659,0.232923990196605,690.957540571988,25.6333333333333,0.3,0.795822053019612,13.6810000737508,90.8475118857091,97.3488655808196,12.0156666437785,5.919745,15.4618473895582,5.85302,0.311355,1.53571,1.54318966666667,0.965046466666667,1.639583,1.74839766666667,2.5,3.6343,99.7666666666667,0.2,0.564696776334724,95.6666666666667,2.8,100,62.141,70280,4745325.12070415,67.5202777561774,-8.01023654487701,53.1805912099501
"Israel","H",1.76008386722663,1.4838230440917,3.03417523126773,0.105275071813212,150769.307838148,338762.48822687,55904.1965248341,0.0314763742265826,555.485084732426,28.9,0.25,1.24688393992397,6.31833330790202,99.9999976582769,99.9999976582769,6.37766679128011,6.23266666666667,21.6666666666667,6.17269666666667,0.03501,0.896207133333333,1.24572433333333,-1.073308,1.186756,1.0067538,2.5,3.487,99.5,0.2,0.00655941504473572,95,3.1,100,92.0316666666667,22070,8318796.10256187,376.927779907652,35.003851206429,31.4849193900197
"Italy","H",1.78411722674165,1.2901940734704,1.32493173825422,0.210246023410022,27986.9429235225,67212.8376170204,13410.369248623,0.184941903464085,698.610115067468,25.9333333333333,0.933333333333333,1.50080139494585,11.8289998372396,98.7702456548899,99.4876642355302,12.897333463033,8.12927,28.0952380952381,8.16163666666667,0.170976666666667,0.0293897,0.417765966666667,0.487294033333333,0.725529266666667,0.394537333333333,2.5,3.88686666666667,99.9,0.3,7.97097718710294,96,3.4,100,68.9783333333333,301340,60764673.9976824,201.648217952089,12.1407883722359,42.7511830529643
"Jamaica","UM",12.8034921400337,3.2235382931177,1.5720378088151,0.0845752461210536,303320.689950736,698827.437266331,77423.8860735769,0.00192915266362116,40.2002020387547,32.7333333333333,0.4,8.17755226566915,14.3070001602173,86.1841863779259,90.3407934821327,18.7839997609456,4.264965,12.6984126984127,4.105565,19.362665,-0.277393333333333,0.0636441666666667,0.109125,0.205599233333333,-0.335952333333333,10.0666666666667,0.4005,99,1.5,4.93308474949941,93.6666666666667,1.7,94.9620417277018,54.3553333333333,10990,2776797.17012392,252.665802559046,-77.3242548016489,18.1376361278684
"Japan","H",0.881811235273305,1.64781109357289,1.35183990220874,0.248409283403634,4274234.63719031,4711530.19101791,1640481.43078158,0.00225205375101041,529.782798149495,26.4,0.2,1.01881844999851,3.96666669845581,99.9255465859311,98.849375,3.67966667811076,7.22801666666667,8.05555555555556,6.30258,4.82485666666667,1.65909266666667,1.615396,0.978727433333333,1.13420966666667,1.46770333333333,2.5,2.30765,99.8,0.1,0,96.3333333333333,13.4,100,91.226,377961.328125,129645057.254985,343.011434260038,138.064962132708,37.6631108117046
"Jordan","LM",9.0130541152358,6.56243414057642,2.94454123669713,0.0344562915579066,2929.0173492,4402.83786876582,905.403074677909,0.398349005603519,146.500028543404,38,0.533333333333333,4.07977725315529,12.233333269755,97.6882477933794,99.0634024379698,20.9380003611247,4.34860333333333,11.6651651651652,4.28596666666667,28.1078,0.0919124,0.0188827,-0.5567728,0.135334666666667,0.408759666666667,8.83333333333333,2.19925,99.6,12.5,0.000220423567130466,98,1.83333333333333,99.8091761271159,89.1033333333333,89320,8727594.65090919,97.711538859261,36.7794549063252,31.2454905847484
"Kazakhstan","UM",5.70678859505837,6.82335534755638,2.51824582317224,0.0649559690257063,729036.983604181,606967.020728583,135889.100704545,0.00091390326643093,47.8204758274333,22.6666666666667,0,5.88363410463021,5.1833332379659,97.6013872250934,93.2738263773202,6.0103333791097,7.44866,24.6051740484897,7.37492333333333,0.16934,-0.892858866666667,-0.338569833333333,-0.258303566666667,-0.3311869,-0.6580899,2.7,3.9472,99.99,0.166666666666667,0,97.3333333333333,6.85,99.9381637573242,57.0456666666667,2724901.875,16915083.0932747,6.20759347280155,67.2846109811001,48.1916607521823
"Kenya","LM",19.4507346308624,21.339767419193,3.39933013776712,0.0273913885193654,91055.082327344,125994.70794138,21056.1139806583,0.00244309031522538,25.3910547769341,39.2,38.7,7.32447201489601,2.84833335876465,30.0601181462729,56.3350182549244,3.0423333644867,0.86941,15.8452380952381,2.55018,55.90618,-1.0193628,-0.437953933333333,-1.25753966666667,-0.305425933333333,-0.650594566666667,22.3,0.1897,61.8,5.36666666666667,79.901949797426,91,0.7,32.6084855397542,24.797,580370,43864373.6223563,75.5800155458695,37.7915552866614,0.595966252176952
"Kyrgyz Republic","LM",11.0409999208487,6.78601178684991,2.75463714781171,0.0437091451643182,50544.9139742838,74554.4061436834,17213.2291628608,0.00360616500681654,81.2146920375829,23.3,0.366666666666667,5.63881389558305,8.27000013987223,96.3077053201173,86.2654870009672,9.54199981689453,6.29702666666667,23.3333333333333,6.28036666666667,8.79649,-1.14680433333333,-0.722271133333333,-0.8758803,-0.359927933333333,-1.05520073333333,7.3,2.24556666666667,98.8333333333333,0.166666666666667,0,96.3333333333333,4.55,99.777158610026,35.525,199949.00390625,5916009.99800755,29.5875942486885,74.6204048109256,41.5068937131826
"Latvia","H",2.16880994386439,2.20392392888726,1.6303872884932,0.188056302589744,13346.2158605137,27814.5739894004,4516.93635186843,0.183081787775064,451.870146963001,26.6666666666667,0.5,0.949608367406807,12.5866664250692,90.8753087597097,98.4204534268871,11.6379998524984,6.34224666666667,21.3333333333333,6.39099333333333,1.46198666666667,0.329746666666667,0.895341866666667,0.511510133333333,1.07737166666667,0.808569833333333,2.5,3.13483333333333,98.3666666666667,0.366666666666667,2.75391405512311,92.3333333333333,5.85,100,67.9246666666667,64486.6666666667,2031299.93291747,31.4995337472987,24.8332961498034,56.8071751342792
"Lebanon","UM",4.98350815328301,4.7091084147264,2.74817279380085,0.0865138583639604,10807271.2371443,14171288.166731,2998405.75137174,0.000151987858564116,316.318573458737,26.3666666666667,0,4.41903275107331,6.42766666412354,92.2364102564103,91.3430201053221,10.5346666971842,6.34224666666667,3.125,6.30804,4.82485666666667,-0.943569333333333,-0.372505666666667,-1.68436866666667,-0.148128066666667,-0.764325266666667,12.2333333333333,2.16105,99.9,0.1,0.752145186828953,83,3.1,99.9994354248047,87.791,10450,4853491.65285742,464.448961995925,35.8709863200164,33.9118272078199
"Lesotho","LM",29.0518861878013,36.4005415089979,2.69955429923506,0.0439465719729528,11745.1751067987,34920.0316734424,5373.79080337089,0.0276286522652573,32.239919935266,37.4,2.6,5.42894840881648,24.7843335469564,35.5255542283004,68.264591229733,29.4389998118083,3.52196,26.6666666666667,3.05635333333333,9.61628666666667,0.195848566666667,-0.449273866666667,0.0931538,-0.4298619,-0.218882066666667,16.7,0.1321,77.9,24.5666666666667,60.7807844519415,92,0.966666666666667,24.8712173461914,26.1023333333333,30360,2005883.26045481,66.0699361151123,28.1701052951705,-29.625290493692
"Lithuania","H",1.84513468971662,2.34541706268545,1.59252170824666,0.1815052482065,13985.0999525144,20850.5569487261,4276.24048497402,0.281934926299142,494.961463051077,27.6,0.633333333333333,1.41374005021379,11.9443333943685,91.1769255730422,95.6603365923286,10.426666577657,8.37821333333333,24.2291273364288,8.52092333333333,0.0981933333333333,0.459628266666667,0.882599833333333,0.830959533333333,1.15728633333333,0.875198733333333,2.5,4.19776666666667,100,0.1,0,93,7.35,100,66.986,65295.3336588542,2980483.37384477,45.6461925658696,23.8806402758435,55.2843194847661
"Luxembourg","H",1.3623980617467,1.11059511476357,1.46244700088526,0.14072081662302,91338.227550885,223988.382377742,37676.4578910283,0.128277725105441,609.428832362616,24.9666666666667,0.0666666666666667,1.67514175857085,5.61333338419596,97.6218274619581,99.9656819334708,6.02066659927368,7.21534,26.1111111111111,7.11689,4.22209666666667,2.10641666666667,1.65213566666667,1.348497,1.72628666666667,1.84056366666667,2.5,2.84216666666667,99.2,0.2,0,99,5.06666666666667,100,89.569,2590,537506.916699568,207.531628069331,5.965223432344,49.765705074151
"Madagascar","L",23.4199514173553,33.9836284462893,4.2974176516426,0.0231321534259267,691081.465860686,550338.752856925,94815.6471610441,0.000325948136293901,9.89204436811367,33.5,38.7,5.87356063243778,0.953999996185303,8.99157826722654,49.5944640711057,0.986333330472311,2.68868,18.5008263067106,2.758095,47.677385,-0.75317,-1.17317733333333,-0.5844554,-0.634691666666667,-0.853026433333333,33.5333333333333,0.1591,44.3,0.133333333333333,60.7807844519415,72.3333333333333,0.6,16.4096725463867,33.8796666666667,587295,22926004.649277,39.0366079215334,46.6911709147164,-19.3561140778288
"Malawi","L",25.5880169396868,34.7944525178091,4.0245852775827,0.0282759284326486,72310.2717734337,91067.885936058,16430.1822461519,0.00165940108320073,2.66531425091802,50.5,8.4,24.1155544272267,5.92033338546753,24.9402128344174,65.1365656381134,6.9366668065389,2.18047666666667,20.4087507196316,2.33504,18.730795,-0.6100487,-0.528877466666667,-0.0424676,-0.7293907,-0.222454333333333,17.0666666666667,0.1658,87.4,10.1666666666667,272.957985017817,92,0.9,9.43333333333333,15.97,118480,15586988.2615664,131.55796979715,34.1936053269224,-13.1728349923419
"Malaysia","UM",3.6450613931017,2.84044221241165,2.04046634969163,0.0552694387927292,40557.3383346165,50461.1878168792,8794.55409018178,0.0584069598338601,280.200323260778,31.8,0,2.30385794863975,3.00999999046326,99.3763820943421,96.8244176830788,3.27333331108093,5.13889,10.3759868465751,4.97942333333333,10.7687433333333,0.3329897,1.01159923333333,0.104399433333333,0.681635866666667,0.496362966666667,3.36666666666667,1.332,98.8,0.4,2.75391405512311,97,1.9,99.9047536214193,72.9273333333333,330530.677083333,29220459.1356463,88.4046812038548,109.69814844863,3.72558842577372
"Mali","L",40.1651454268265,76.2830541698173,6.22819318618537,0.0297671871027796,266519.156573677,369899.96472869,54171.2851128095,0.000533835509452046,16.0546705287817,37.9,4.4,1.86673555380897,6.92366679509481,33.1405300049881,71.4875999506143,7.46999994913737,2.188885,9.86394557823131,2.55018,47.677385,-0.785627433333333,-0.999583966666667,-1.82349333333333,-0.5030735,-0.688202266666667,7,0.1071,58.6,1.36666666666667,443.157967301385,65,0.6,29.2106697082519,38.3976666666667,1240190,17621585.9380829,14.2087792500205,-3.54329433945334,17.2677720617007
"Mexico","UM",7.61337324945457,7.16747307682478,2.14141692732998,0.0664036714092078,140685.261004092,166684.691558866,34704.8727141886,0.0129027574672819,337.378702361375,39.2,1.15,3.97883886298724,4.8700000445048,87.6218401756447,97.3431486817961,4.89333327611287,5.88084666666667,37,5.72702,4.82485666666667,-0.561847733333333,0.294749,-0.743532266666667,0.457342,-0.500467266666667,4.33333333333333,2.15853333333333,97.6,0.3,0.262831948799107,89.6666666666667,1.55,99.3444328401693,78.699,1964380,118139807.689881,60.141015327931,-102.576349523987,23.9353719022448
"Mongolia","LM",9.49852927624518,8.10866972278385,3.13336823162079,0.0368634789378041,5495889.34811154,5490100.5131958,1762660.30860237,0.000115152238846392,93.9229508194816,25.85,0.05,12.3583241347946,4.31133325894674,57.0277495844434,79.7916906758912,4.12800002098084,6.61811,14.8648648648649,7.80857333333333,1.47659666666667,-0.4960318,-0.540044666666667,0.5847856,-0.267312033333333,-0.363859533333333,18.6,3.09963333333333,98.9,0.1,79.901949797426,98.6666666666667,7,80.4212275187175,68.0966666666667,1564120,3014732.67798164,1.92743055390995,102.946406208466,46.8236811262636
"Morocco","LM",11.5153931638846,7.46824048006147,2.37639571442456,0.0562692673458998,26609.5144679414,54496.3038432178,7821.84543117386,0.019780115703425,195.577084142489,31.9,0.2,1.20336237386335,9.30666637420654,85.5287560548339,82.0568240258746,9.93599987030028,3.82561,16.9620253164557,4.15842,14.42826,-0.357850833333333,-0.0562746666666667,-0.469914,-0.1098806,-0.174090866666667,4.46666666666667,0.77275,97.9,0.1,0,99,0.966666666666667,94.7168584187825,59.6993333333333,446550,34404645.3281291,77.0454491728341,-8.42047954454969,29.8853946983021
"Mozambique","L",26.3178176330251,43.8493998763574,5.17353137780403,0.026292316561556,20597.3238853184,34685.9895608456,5779.91907655078,0.00756145170561446,3.03851357334588,45.5,28.6,3.14118527914294,3.40033332506816,24.4311099831244,46.7273340771173,3.49766659736633,1.55156333333333,39.2,1.65934333333333,39.9037533333333,-0.6147126,-0.655341466666667,-0.0574918333333333,-0.418735666666667,-0.737340366666667,23.5666666666667,0.0557,55.6,12.3,374.531192955223,84.6666666666667,0.3,20.7028484344482,33.3613333333333,799380,24999399.1868847,31.2734859352056,35.4726159786443,-17.2304489756597
"Myanmar","LM",21.5247241849416,20.2021769112674,2.47853984401383,0.0554960127859105,1525293.36137127,836488.670276843,293699.652865863,0.000224853245006542,94.4999666291101,31.8,6.1,4.02130708194858,0.788000007470449,65.8552369734726,75.7642998932297,0.922999997933706,3.143,5.88645693054046,3.10992,37.224825,-0.981866666666667,-1.419281,-1.05720933333333,-1.569802,-1.258071,12.8333333333333,0.5802,44.6,0.8,31.3385948654152,82.3333333333333,0.9,53.2935689290365,29.4576666666667,676590,52001176.6993743,76.8577376245205,96.5058409420616,21.0169998737738
"Namibia","UM",16.4702883300483,19.1967864505779,3.19200029811959,0.0429335049219924,59326.3210525513,174826.170157519,22514.5134861035,0.0189382676191333,70.7107521484521,37.4,6.1,5.89103082161628,18.1066665649414,33.2258425604894,81.1949268176267,20.0219999949137,0.86941,24.3589743589744,2.3202,9.61628666666667,0.318684266666667,0.146527866666667,0.848551633333333,0.0474351,0.222548866666667,21.2333333333333,0.4015,88.2,12.5,7.46776255909948,87,1.7,48.1682988484701,44.7583333333333,824290,2205767.36477216,2.67596035954841,17.1561681261941,-22.0997769317311
"Nepal","L",19.4717187798397,10.5119874511246,2.22749598561368,0.0516519833830698,28054.617994646,41920.222459315,4980.64329354515,0.00298216002387008,22.9184061421249,21.4,1.2,8.95470920644777,1.51933332284292,49.6500329657567,86.9041861632096,1.2946666876475,4.69276666666667,31.3228600917043,4.64055666666667,37.224825,-0.6960682,-0.920167366666667,-1.07832583333333,-0.826918533333333,-0.701138933333333,6.73333333333333,0.558333333333333,55.6,0.2,1.42528501227543,91.3333333333333,0.3,79.6874359130859,17.8183333333333,147180,28616197.8032402,194.429934795762,84.0131736769253,28.2394400190494
"Netherlands","H",2.39724646161497,1.35421603427057,1.68333808494966,0.168643104386652,42418.9251642609,87384.1355489997,17889.6009334316,0.187527183782016,560.027989105363,22.8666666666667,0,1.97949375306486,6.8266666730245,97.7597437175665,100.000001692899,7.09333340326945,7.59631,38.6666666666667,7.67404,0.45725,2.051365,1.80482166666667,1.125465,1.76424033333333,1.892239,2.5,3.29963333333333,99.2,0.2,7.97097718710294,96.6666666666667,6.7,100,89.155,41540,16792646.6724285,404.252447578924,5.5122171009654,52.2987003744418
"New Zealand","H",2.49762902181428,2.09676388690032,2.08525173457436,0.141980522780653,56892.3523147891,145926.43965611,19393.2799224893,0.129335524826543,390.404482908572,27.5666666666667,0.4,1.14061445162951,6.31599998474121,100.000000900885,100.000000900885,6.96833324432373,8.33844,31.404958677686,8.11712666666667,2.42208,2.30379866666667,1.83029033333333,1.42774033333333,1.87724966666667,1.926104,2.5,3.22113333333333,96.6,0.1,0,92.6666666666667,2.8,100,86.221,267710,4350976.33916584,16.2525730796976,172.701925944056,-41.6625787571587
"Nicaragua","LM",6.78241465945884,8.07686227132719,2.37738550629241,0.0455076112479962,29998.09012745,42076.9453279262,6951.27529402973,0.0188965436931413,60.6548469634063,37.2,0.8,6.78832900142261,5.00233348210653,71.3966119670493,81.412242019683,5.63000011444092,3.82561,40.9420289855072,4.56902333333333,3.491485,-0.798607633333333,-0.849846933333333,-0.212924533333333,-0.327324033333333,-0.706403966666667,18.3333333333333,0.8844,88,0.2,0.564696776334724,98,0.9,80.3428700364584,57.5046666666667,130370,5994099.0557444,45.9775949662069,-85.0203185008025,12.848190428037
"Norway","H",1.4346826699076,1.11353057421863,1.69354761503442,0.157703674346699,613580.732425256,1300278.5964089,292149.963851233,0.0175503858495933,853.685804660383,21.2666666666667,0.1,1.61968439403384,3.34333332379659,98.0591468125037,99.9999987926301,3.03366669019063,6.62315333333333,39.6449704142012,6.71409333333333,0.91989,2.25915,1.87418366666667,1.266507,1.61994233333333,1.98919033333333,2.5,2.61183333333333,99.1333333333333,0.9,0.00162343494695003,94,3.95,100,80.284,545204.075520833,5051012.92393733,9.2644445460392,15.4681199552068,69.1568563097536
"Papua New Guinea","LM",19.8150792314701,33.7179818720097,4.35983805127329,0.0277018844274378,6996.30648474105,9049.83905776247,1507.93113164043,0.047492529397439,7.05183972255618,21.4,8.4,4.90654658141852,2.62433338165283,15.331184991449,38.9919375798332,1.50466668605805,1.98165,2.7027027027027,2.3202,48.45341,-0.936673966666667,-0.672120166666667,-0.483352133333333,-0.455569,-0.861853,17.0666666666667,0.0557,44.6,0.766666666666667,209.440821955057,56.3333333333333,0.6,20.7085018157959,12.9826666666667,462840,8296721.02566441,17.9256784756383,145.317574627822,-6.45164451463034
"Paraguay","UM",5.93307909112139,8.4226163494224,2.31473999926819,0.0574783940243141,29778325.8502678,26247528.6333019,7769516.20236822,0.0000459722580753831,297.658673696144,38.3,0.666666666666667,3.79620134716614,4.50133339564006,85.5136629889005,94.5916959612423,5.75799989700317,4.78758,15,4.6145,9.96621,-0.9550368,-0.893597166666667,-0.565463766666667,-0.304934366666667,-0.775837266666667,7.8,1.2774,96.05,0.5,0,91.6666666666667,0.3,98.6174053333333,60.1926666666667,406751.9921875,6386096.56574543,15.700221974086,-58.3873878335057,-23.2480419462921
"Peru","UM",7.88185570631225,7.77198551307865,2.51206045072969,0.0713547260290912,16224.9385091912,21484.6526278357,3251.7730347793,0.0941235870568922,148.9852163334,32.7333333333333,1.2,3.2357962065426,3.10266661643982,72.3135061815957,88.9294108481067,3.36966665585836,4.78229666666667,21.7948717948718,4.82223666666667,22.031605,-0.451417633333333,-0.175488466666667,-0.754587133333333,0.4906103,-0.553806133333333,5.76666666666667,1.1411,88.8666666666667,0.3,5.31680621061378,90.3333333333333,1.53333333333333,92.0516206666667,76.9886666666667,1285220,30766662.5746242,23.938829596975,-74.3918058168472,-9.19156290513455
"Philippines","LM",10.5074208958463,12.4913844803508,3.14082067337077,0.0440885765165067,156289.444620878,183585.12794978,26917.7072331429,0.00425731135315802,167.368254845551,36.3,2.3,3.06915833710267,3.53366661071778,72.0225951932716,91.5906473079953,3.75999999046326,3.6462,25.8528680734929,3.4989,6.07189,-0.460293933333333,0.139901466666667,-0.995437966666667,-0.0566351666666667,-0.414620466666667,14.4333333333333,0.277866666666667,72.8,0.1,0.297743299902732,81.3333333333333,1.53333333333333,87.4893341064453,45.9026666666667,300000,101691053.508828,338.970178362762,122.902672369887,11.7637993622977
"Poland","H",2.22235611850315,1.78921486039133,1.35278181398285,0.14516348111128,47779.9597878908,70211.8669209602,18190.1849276473,0.0611865879504205,336.846831621637,25.3,0.133333333333333,1.53539181220009,9.80133342742919,96.3189051222717,98.3704353853816,10.5370003382365,6.00374666666667,23.9130434782608,6.07488666666667,6.03119333333333,0.631466133333333,0.741842933333333,0.955258266666667,1.02061386666667,0.8134994,2.5,2.2534,99.8,0.166666666666667,0,98.6666666666667,6.5,100,60.5286666666667,312680,38461148.6227719,123.004824813777,19.3110143084487,52.1482602193319
"Portugal","H",1.67569120044863,1.29144640355771,1.23611781314426,0.195817919815762,18282.0068691643,38626.1085274558,7958.48871363871,0.220178054452677,675.999406403385,27.5666666666667,0.333333333333333,0.92320061323835,15.2013336817424,99.1859889521227,99.8536181932662,15.3966668446859,6.77805,30.4347826086957,6.83715333333333,0.935585,0.952780766666667,1.0847836,0.776770133333333,0.793690133333333,1.08727833333333,2.5,4.39533333333333,98.95,0.1,1.42528501227543,98,3.4,100,62.3503333333333,92220.263671875,10773465.8794859,116.823195364291,-8.05576558829569,39.6340497749782
"Romania","UM",4.04790998693394,4.29671951000946,1.5697371093314,0.164501450798691,21790.0756178169,33275.6660528094,6576.6936934175,0.0668116768578891,102.75823669474,25.1333333333333,2.13333333333333,2.79598163641955,6.89733346303304,81.3357246981638,100,6.16033331553141,7.68172666666667,13.404180879909,7.71586,4.809725,-0.1879967,-0.137456166666667,0.103536933333333,0.582589433333333,0.110835866666667,2.5,2.60635,98.8333333333333,0.1,2.67510081648219,92.3333333333333,6.25,100,53.937,238396.666666667,20187702.0954472,84.6811424745054,24.9432524946354,45.857101035738
"Russian Federation","UM",3.02406575584962,3.75262910860497,1.74410084141285,0.127712810508344,607076.528292799,552093.987701725,199935.804181303,0.00355712229608689,434.425695274109,32.2,0,6.55062170295202,5.35133330027262,88.8034296316197,96.5733268209684,5.00833336512248,6.73169,13.5555555555556,6.78862,2.384465,-0.9916433,-0.294880533333333,-0.8324746,-0.3594809,-0.781371433333333,2.5,4.07073333333333,99.7,0.2,0.752145186828953,97,8.3,100,73.868,17098250,145818196.254072,8.52825267229526,96.803318182901,61.9616634949229
"Rwanda","L",20.3607992470183,27.2240049334516,3.77421868927635,0.027755934390658,622604,741308.041486541,142510.241261172,0.000736455215672079,10,37.9,21.3,6.17895417738927,1.16166667143504,61.8650659344428,54.8390712984451,1.21066665649414,2.47597,61.25,2.38234333333333,43.82947,0.649466933333333,-0.0179541666666667,-0.218345466666667,0.0511151333333333,-0.123171033333333,25.9666666666667,0.0965,64.7,3.06666666666667,137.571187761289,98,1.16666666666667,17.0232588450114,16.9523333333333,26340,11115633.6315445,422.00583263267,29.9189639222429,-2.01351446583413
"Slovak Republic","H",2.5958785943227,2.91711236663794,1.45392366948622,0.133499405322968,15502.3707536503,26769.2796534647,6349.01078812781,0.262862773010954,437.931298594567,21,0.233333333333333,1.6434703317724,13.7893333435059,97.9160734999417,99.5609181696045,14.225666364034,8.13733333333333,18.6666666666667,8.08681666666667,3.47296666666667,0.1141874,0.8339164,1.08234666666667,0.956947633333333,0.488958533333333,4.13333333333333,3.3889,98.8666666666667,0.166666666666667,1.42528501227543,98,5.85,100,54.14,49034.0006510417,5419245.80819454,110.520164299084,19.5076571474337,48.7267113517275
"Slovenia","H",1.30153405660348,0.778111458658012,1.56434989637425,0.172736706093737,20337.0526505302,34815.6133522053,8720.9745090952,0.221558725735588,320.158270962993,21.2333333333333,0,1.52198618192664,9.53666687011718,99.1091047892699,99.5393460312174,10.2766669591268,7.39996333333333,33.3333333333333,7.38411666666667,1.90031,0.765281666666667,1.01665766666667,0.927711933333333,0.640805,1.00576833333333,2.5,2.64286666666667,99.8,1.5,0,95.3333333333333,4.55,100,53.3323333333333,20540,2059058.614621,100.246281140263,14.9381523207957,46.1254220590104
"Solomon Islands","LM",11.7399668906998,13.2296051989941,4.45404474309936,0.028827579310852,8357.95884550865,21833.5823230133,3721.95432961289,0.0151529376075556,2.9422525858397,29.2,6.8,5.48975743001296,0.780333340167999,29.8317916359949,70.9545779593212,0.794000009695689,3.40528,2,3.51965,27.4476833333333,-0.3454468,-0.899292233333333,0.319307933333333,-1.07491533333333,-0.522611933333333,12.3666666666667,0.17095,99.7333333333333,2.63333333333333,80.8050372093697,84,1.4,41.5354789733887,21.433,28900,587906.604247065,20.3427890742929,159.96661544743,-8.85249747084853
"South Africa","UM",20.3709249926562,16.6211875442393,2.25778292976485,0.0549253576113714,55009.592652666,137856.952749997,16605.9484925175,0.0243654612882722,53.6358445832768,50.5,6.1,5.87878931608112,24.7330004374186,71.9921145370226,90.9875128334216,26.8930002848307,5.36263,42,5.165775,9.61628666666667,-0.0823876333333333,0.3750043,-0.0726900666666667,0.363138133333333,0.150456733333333,4.2,0.740566666666667,87.4,19,1.66980833564793,79,1.16666666666667,85.5666666666667,63.7923333333333,1219090,52331743.5366982,42.9268909897532,25.0480138798617,-28.9470332599791
"Spain","H",1.65787596749955,1.43446464399074,1.29336122026856,0.176958513652265,24645.9294237433,32593.6071584635,10001.132728221,0.226899159780898,690.535675002022,25.9,0.633333333333333,1.23455872144213,25.10733350118,99.9042506874315,99.9565807544445,25.7116667429606,7.0701,37.2380952380952,7.09669333333333,3.17959,0.8870534,1.14497,0.0752077,0.880843266666667,1.0126624,2.5,3.14926666666667,98.95,0.4,0.101089144539665,96.6666666666667,3,100,79.1336666666667,505940,47053424.4406874,93.0019852960576,-3.61702060238737,40.3486561062267
"Sri Lanka","LM",4.51670305939681,3.41570024257111,1.96088462170247,0.080553473174031,447937.207770191,475039.480777709,77177.9710636055,0.00193847422953653,135.292749899367,32.2,0.3,5.87678878767981,4.10500001907349,93.0738838834614,87.0982408885502,6.33633343378703,8.105875,5.77777777777778,7.92153,6.242735,-0.26517,-0.1078395,-0.553479533333333,-0.1223665,-0.189807466666667,8.83333333333333,0.799733333333333,99.95,0.1,0.00162343494695003,99,3.6,90.4001525878906,18.204,65610,21012315.9449257,320.260874027216,80.6672357493165,7.7005344172481
"Sweden","H",1.43011509120988,1.18753942183126,1.82412364873068,0.195205835870129,441788.275349646,1167444.69729919,209823.995212421,0.0206653828520944,757.039971511929,22,0.366666666666667,0.221482014220131,7.99366664886475,99.3050475941669,99.999996617653,7.76433324813843,7.26943666666667,44.7946513849092,6.98836666666667,1.45011666666667,2.25262166666667,1.889975,1.12126333333333,1.87492166666667,1.97214633333333,2.5,4.12213333333333,99.5,0.2,0,97.6666666666667,2.6,100,85.9343333333333,447420,9680575.45698792,21.6364388203208,16.596265846848,62.8114849680803
"Switzerland","H",2.6089455375479,1.10371582240424,1.4950358547682,0.175965433047782,80351.4146300561,78592.1727123913,27400.047922131,0.086213560320032,1984.99743976341,25.3333333333333,0,-0.307694506607829,4.68600018819173,99.892206011074,100,4.87766679128011,6.75784,30.3333333333333,6.845145,1.36188,2.14356633333333,1.94293233333333,1.40737633333333,1.697904,1.87289133333333,2.5,4.0192,99.7666666666667,0.2,7.97097718710294,96,4.75,100,73.6743333333333,41290,8239608.76414379,199.554583776793,8.11830061338549,46.7917376836676
"Thailand","UM",3.7003758895882,4.311256700406,1.30390138185351,0.0969184900824845,148114.819844651,214322.860195456,25578.9811203577,0.0121073427244825,46.3231051252147,29.4333333333333,0,2.36497583588151,0.548333317041397,97.1194176481156,98.7815391503091,0.523666679859161,5.85923666666667,12.5637901861252,5.68295333333333,12.38838,-0.386664133333333,0.270210966666667,-1.1449001,0.247780466666667,-0.1543302,9.1,1.6192,99.6,1.36666666666667,2.67510081648219,99,1.13333333333333,99.6486625818998,46.1936666666667,513120,68803461.1663811,134.088441624534,101.006133546261,15.0169749914165
"Timor-Leste","LM",15.6883650533135,16.665338817173,4.34795956925765,0.0489450555929818,2117.53740209049,5918.23722182641,1334.25281475376,0.191744283488605,12.8455372035354,24,4.4,7.87049773242978,4.01466655731201,49.1263479216372,70.1944340160487,5.08366664250692,4.26971666666667,38.4615384615385,4.21705666666667,16.46033,-0.648736733333333,-1.19755233333333,-0.283068733333333,-0.964258966666667,-1.158311,30.9666666666667,0.64975,85.25,0.1,3.11256787482178,80.6666666666667,0.6,54.9754854838053,28.78,14870,1181583.92100212,79.4609227304719,125.966300273684,-8.767760362467
"Togo","L",25.4539748352773,39.7097978548736,4.13560078362643,0.0274979560509745,281330.449225222,506985.998967086,82883.0449865892,0.000374641809662814,38.8491316474439,29.6,28.6,1.53115052529997,2.11333338419596,14.4811747755484,60.6766731379657,1.69466666380564,3.52196,14.6927146927147,3.05635333333333,43.82947,-0.973462633333333,-1.286202,-0.302431833333333,-0.862218633333333,-0.919576166666667,21.6,0.1321,44.6,2.63333333333333,373.257089317297,84,0.7,42.091827138265,39.062,56790,6898494.74903684,121.473758567298,0.996403943670358,8.43954195466962
"Trinidad and Tobago","H",10.2840624831754,5.36277130863954,1.59281768737989,0.0960950886730571,112085.447281944,268909.269390665,42316.8752547285,0.026555979231254,742.104197663422,29.6666666666667,0.1,6.71483897376523,2.71233336130778,93.3115093897149,97.8603197465928,3.25700004895528,8.37821333333333,28.5714285714286,6.65289666666667,3.47296666666667,-0.2618468,0.3482872,0.148609333333333,0.247962666666667,-0.133479533333333,6.5,2.03903333333333,100,1.03333333333333,0,92,2.8,99.9766235351563,53.538,5130,1364212.68491015,265.928398617964,-61.3303669144497,10.4282370892019
"Turkey","UM",8.80859470916822,7.10083462801934,1.51493390395455,0.0784639424664385,20953.3046968457,31301.1839259234,5853.79831229055,0.0801793110571617,90.4075216301404,30.9,0.0333333333333333,8.41307766141393,8.92033354441325,95.5633827500799,98.539595370337,10.5686667760213,7.29979333333333,14.3379783233798,7.44559666666667,3.21309,0.0340157,0.384994733333333,-1.18550033333333,0.416223866666667,0.0361287333333333,2.5,1.7521,97.4,0.133333333333333,0,97,2.7,99.9949696858724,72.5273333333333,785350,77329713.3179113,98.4652872195981,35.1169001509384,39.0683719406147
"Ukraine","LM",4.52084629258068,4.68246321734607,1.42190275443058,0.149452408543969,55252.0412442582,80453.5959816974,16767.2857841118,0.0113214493737293,231.541100709299,20.8333333333333,0,4.13387854439456,7.98966677983602,96.0783793250148,93.9274566104695,6.72466659545898,6.58535666666667,10.1810237203496,6.65507333333333,4.94120666666667,-1.06769756666667,-0.547410533333333,-0.9634643,-0.616104333333333,-0.792781466666667,2.5,3.3266,99.6,0.9,4.93308474949941,58.3333333333333,8.85,99.9558303886926,68.875,603550,45713928.7022863,75.7417425271913,31.2291220702665,49.1488226084035
"United Arab Emirates","H",2.65004811919733,2.73798309674808,1.24826715175712,0.00535506761877522,152465.839895423,736.874712552055,45993.6457883328,0.0399036387496564,400.544957296725,21.4,0,1.36988530691419,2.43233331044515,98.569556199132,95.9619851003658,5.67366663614909,5.85923666666667,17.5,5.72702,8.687585,1.21597933333333,1.253833,0.8423175,0.8163463,0.603587033333333,3.7,1.73776666666667,99.9,0.1,0,97.6666666666667,1.15,100,85.0633333333333,83600,8866326.02522705,106.056531402237,54.2067147615963,23.8686336533476
"United Kingdom","H",2.48503456698604,1.67168448602434,1.74692600985711,0.169551049112559,29910.3702933536,71761.3825429153,11917.353108562,0.266912588485332,476.598036028764,25.3333333333333,0.1,2.10534054204824,7.17333348592122,99.1148584583737,99.9999979884127,6.74700005849203,7.89028333333333,22.5128205128205,7.80826333333333,4.27525666666667,1.703922,1.55657433333333,0.434606566666667,1.747174,1.771095,2.5,2.68633333333333,99.7933333333333,0.1,0.570084402203377,95,2.8,100,82.1013333333333,243610,64954697.7139888,266.633954739086,-2.85313539518056,53.9147734805371
"Uruguay","H",4.6384832388729,3.87987283502219,1.94907308022977,0.142064946368981,201099.048068267,384896.765332532,59441.2362304078,0.00928416000828102,127.117057273362,29.6666666666667,0,8.51675139269608,6.48066663742066,95.8073050980096,98.878832953239,8.29966640472412,6.48738,12.4579124579124,6.54933333333333,8.687585,1.36979833333333,0.4574561,0.835261866666667,0.502766666666667,0.6226785,2.5,2.03903333333333,99.2,0.4,0,94.6666666666667,2.6,99.5393227724609,94.8423333333333,176220,3387698.68508402,19.2242576613552,-56.0032786665485,-32.7809043652308
"Uzbekistan","LM",11.283433775371,10.5099588191035,2.55748560000555,0.0307152734791633,3096294.84749099,3289903.63474873,679250.994460326,0.000111567964141473,57.1725695199326,22.1666666666667,0.366666666666667,3.2357962065426,4.94000005722046,99.8574491720802,97.1004517904958,4.70066674550374,7.33738,22,7.37166,7.52513,-1.25001566666667,-0.817549133333333,-0.4426423,-1.63114966666667,-1.21551533333333,6.66666666666667,2.4079,100,0.133333333333333,0,99,4.1,99.9999694824219,50.95,447400,30661503.084164,68.5326398841394,63.2036395282318,41.7486026646522
"Vanuatu","LM",11.7177536325466,12.8911778487655,3.37260789325892,0.0390613100695374,240523.001781066,362459.367207624,87158.8920358731,0.000875248428682267,6.30209617755856,21.4,6.1,1.20173372815092,4.63399998346964,42.2829249781837,88.5901450586413,5.14933331807455,3.41685,0,3.10992,14.42826,0.362285133333333,-0.323233033333333,0.999377766666667,-0.524956633333333,0.257496366666667,6.53333333333333,0.1844,89.4,0.1,21.1975813544366,84,1.5,38.2620592753092,24.761,12190,262381.754942214,21.524344129796,167.073751268227,-15.5426770575549
"Zambia","LM",21.6240779267867,31.0178632031979,4.48537934536158,0.0241487840585328,7854.97725670234,9211.3679156768,1728.62537739823,0.0451115978026069,11.6321566113413,38.3,11.2,7.12015043271447,8.60266669591268,25.7380297096461,57.5580980052153,8.86733341217041,1.98165,11.2298099922062,2.33504,55.90618,-0.3111092,-0.489424266666667,0.4177026,-0.468045,-0.2897689,28.8,0.1658,63.3,12.3666666666667,217.27645455129,81,0.966666666666667,26.0881228129069,40.867,752610,15099120.7400231,20.0623440294749,27.7275919187606,-13.3950675535242
"Zimbabwe","L",23.6845397224785,29.4265181037288,3.73590259002518,0.0314516082123293,1445.12369486798,1839.79687476602,247.616347338367,0.378460363612953,39.1750399211199,37.4,3.4,1.71325644470752,5.37400007247925,38.9458492332114,65.9782718195297,5.97166681289673,3.0424,25.9720779970001,3.127365,3.491485,-1.38810966666667,-1.274789,-0.719394,-1.87845666666667,-1.54680066666667,17.0666666666667,0.0960333333333333,80,14.5,80.3546296960446,93.6666666666667,0.7,35.3685635884603,32.664,390760,13630974.9295791,34.8832401719191,29.7885483718925,-18.9069879478588
