"LOCATION","MEAN_RATE_NEO","MEAN_RATE_NEO_U5","FERTILITY_RATE_LAGGED","PLUS_65_YEARS_LAGGED","PUBLIC_EXP_PER_CAP_LAGGED","HEALTH_EXP_LAGGED","GDP_PER_CAP_LAGGED","OOP_PER_CAP_LAGGED","GINI_LAGGED","POVERTY_GAP_LAGGED","INFLATION_LAGGED","UNEMPLOYMENT_LAGGED","BASIC_SANITATION_LAGGED","BASIC_WATER_LAGGED","UNEMPLOYMENT_FEM_LAGGED","SCHOOL_FEM_LAGGED","WOMEN_PARLIAMENT_LAGGED","SCHOOL_LIFE_EXP_LAGGED","OUT_OF_SCHOOL_LAGGED","CONTROL_CORRUPTION_LAGGED","GOV_EFFECTIVENESS_LAGGED","POLITICAL_STABILITY_LAGGED","REGULATORY_QUALITY_LAGGED","RULE_OF_LAW_LAGGED","UNDERNOURISHMENT_LAGGED","DOCTORS_LAGGED","DELIVERY_ASSISTANCE_LAGGED","AIDS_PREVALENCE_LAGGED","MALARIA_INCIDENCE_LAGGED","DPT_LAGGED","HOSPITAL_BEDS_LAGGED","ELECTRICITY_LAGGED","URBAN_RATE_LAGGED","SURFACE","pop","POP_DENS","LONG","LAT","OTHER_EXP_LAGGED","PRED_NEO","IC_05_NEO","IC_95_NEO","PRED_NEO_U5","IC_05_NEO_U5","IC_95_NEO_U5","pol_ic05neo","pol_ic95neo","sig_neo","pol_ic05neo_u5","pol_ic95neo_u5","sig_neo_u5","IMPACT_NEO","IMPACT_NEO_U5"
"Afghanistan",25.7504774791887,30.6385245649826,6.21746186518193,0.0246824829383892,968.094642414252,1.20930219972454,59.1559020020245,3.47973163633088,28.7,19.1,6.80797871404943,11.4933334986369,35.4613633715713,50.9384571830417,14.8053331375122,2.16093333333333,27.710843373494,3.11884333333333,18.74123,-1.54493,-1.42110366666667,-2.49992433333333,-1.42218833333333,-1.79507766666667,25.4333333333333,0.243233333333333,37.6,0.1,15.0421864117797,67,0.433333333333333,51.6740063027346,23.9483333333333,652860,29713439.7345458,45.5127282029008,66.0866902219283,33.8563992816908,966.885340214527,-0.00014933841461228,-0.000197495099324745,-0.000101181729899814,-0.000267161090647022,-0.000448515579334561,-0.0000858066019594825,"neg","neg","yes","neg","neg","yes",NA,NA
"Albania",5.88611166565962,6.38075835656756,2.08602447454495,0.111680747499888,7249.63676046079,191.068627302052,3670.13291784369,0,22.9,0.2,3.02768486593678,13.6476669311523,96.1776345240066,87.8106849481889,13.7033332188924,6.27356666666667,15.9523809523809,6.30447666666667,0.869583333333333,-0.644862333333333,-0.252920733333333,-0.2058313,0.2205274,-0.4610212,4.2,1.24156666666667,100,0.1,2.74247151578004,99,2.83333333333333,100,53.2466666666667,28750,2868760.89748172,99.7829877384947,20.0324264314432,41.1413533060488,7058.56813315873,-0.000110095597997616,-0.000209270592293633,-0.0000109206037015991,-0.000117098094090379,-0.000401374366820719,0.000167178178639962,"neg","neg","yes","neg","pos","no",NA,NA
"Algeria",12.3665530196784,7.75122230403265,2.80493730297305,0.0518925665698541,189.06635735369,16.3129980906304,358.076498141188,5.52542699127301,22.9,0.2,5.77557479033872,10.2966667811076,86.7676063410877,92.6147595659208,17.746000289917,7.008315,15.7609885116312,6.879305,5.26762,-0.5242174,-0.525492066666667,-1.31499066666667,-1.212492,-0.788298133333333,4,1.207,73.6,0.1,0.00866203361723376,95,0.7,98.8689767876397,68.2303333333333,2381740,36847984.9136789,15.4710358450876,2.59804779161834,28.1854812786575,172.75335926306,-0.000164419689553614,-0.000294503920396355,-0.0000343354587108716,-0.0000504361994333531,-0.000264457604909083,0.000163585206042377,"neg","neg","yes","neg","pos","no",NA,NA
"Angola",22.2560905412522,32.9762617575776,5.90771603181474,0.0214404351826194,105.109646484082,3.23429738939513,287.427474494158,1.21326423135833,36.3,23.8,-12.2453425825188,8.05700016021729,42.3263103732106,51.1734063175955,8.80933332443236,1.32386,36.969696969697,1.670015,23.60832,-1.312868,-1.0870279,-0.328247533333333,-1.03449436666667,-1.26673866666667,36.7666666666667,0.1836,16.6,1.7,178.646319486724,52,1.4,34.6456380208333,60.5263333333333,1246700,22692764.9454962,18.2022659384745,17.4705725523135,-12.2458690361332,101.875349094687,-0.000114863920158786,-0.000218293972416474,-0.0000114338679010985,-0.000274022980811143,-0.000542901099529248,-0.00000514486209303802,"neg","neg","yes","neg","neg","yes",NA,NA
"Argentina",5.97933764320046,4.82843635368356,2.28164694938937,0.103206419517743,192.751614650472,28.4809645855275,465.852519485846,5.5596925330439,30.9,0.633333333333333,4.37687727107451,7.37033335367838,93.1820089005214,98.6651225714129,8.8343334197998,6.39642,37.7431906614786,6.12247,1.58857666666667,-0.390255666666667,-0.1738071,0.0590787666666667,-0.804598566666667,-0.610361266666667,3.3,3.21,96.77,0.4,0.0228223411157517,92,4.56666666666667,99.2068584187826,90.9866666666667,2780400,41596630.1804673,14.960663998154,-65.1753607711417,-35.4468214894951,164.270650064945,-0.0000970660796732094,-0.000223206019920176,0.000029073860573757,-0.0000900032671808695,-0.000235763507217282,0.0000557569728555432,"neg","pos","no","neg","pos","no",NA,NA
"Armenia",6.09068039991699,5.89501120916732,1.71603293168033,0.104020046503075,8610.78702048251,50.4152688719785,2485.0203409091,178.38962193173,24.5,0.2,6.12812984697051,18.2506669362386,91.3758108629079,98.5961286966847,19.7063331604004,6.955095,9.41475826972012,6.968135,3.87079,-0.6469922,-0.1183579,0.0542604333333333,0.310675333333333,-0.449173233333333,4.03333333333333,2.8688,99.8333333333333,0.2,0,94.6666666666667,3.8,99.815342203776,63.34,29740,3092998.54829599,104.001296176731,45.0002900110148,40.2166076123014,8560.37175161054,-0.000144734487204529,-0.000225835673223419,-0.0000636333011856391,-0.000094160896451342,-0.00042103858315129,0.000232716790248606,"neg","neg","yes","neg","pos","no",NA,NA
"Australia",2.10670036512767,1.50791078399165,1.98350887825771,0.139599578713304,774.397744227696,136.619307953612,1963.11052392999,33.9506593212411,26.5,0.3,2.66165677966438,5.17199993133545,99.9911523822512,99.9053403116057,5.33599996566772,8.31658,24.6666666666667,6.17991333333333,4.76394,2.020622,1.695382,0.940855733333333,1.781164,1.758164,2.5,3.3055,99.1,0.1,0.707341419543798,92,3.85,100,85.2946666666667,7741220,21928817.7689894,2.83273408700301,134.502775475366,-25.7306547797261,637.778436274084,-0.000149112418987271,-0.000229646036414534,-0.0000685788015600079,-0.000224546969213754,-0.000340219399931085,-0.000108874538496424,"neg","neg","yes","neg","neg","yes",NA,NA
"Austria",1.93600936530186,1.33670107187504,1.43506980563044,0.178620623959627,3001.26297693066,454.309224815485,5513.55355340486,105.011122930742,23.6,0.366666666666667,2.5285972608642,4.74966669082642,99.984085456468,100,4.66633335749308,7.61324333333333,27.8688524590164,7.75121333333333,2.65579,1.46902966666667,1.67846566666667,1.22891233333333,1.45321266666667,1.82001133333333,2.5,4.84243333333333,98.5333333333333,0.1,3.08037055385635,89,7.7,100,57.2203333333333,83879.00390625,8408217.95741906,100.24222470282,14.0761588843371,47.6139487927463,2546.95375211518,-0.000105178027097117,-0.000155664597364085,-0.0000546914568301484,-0.000185029190701905,-0.000345299593453204,-0.0000247587879506066,"neg","neg","yes","neg","neg","yes",NA,NA
"Azerbaijan",17.1152348229723,11.4691987637642,2.10451244635985,0.053855988631684,1084.51006598696,18.7962544382562,1704.56643472539,63.1435382134583,24.8,0.833333333333333,4.8842914036565,5.41333341598511,84.78859886438,87.2936077215523,6.4900000890096,6.73395666666667,16,7.53826,12.36,-1.18318466666667,-0.784907633333333,-0.495478233333333,-0.399977733333333,-0.8737566,2.5,3.5302,98.8,0.1,0.0912573125844653,85.6666666666667,4.76666666666667,99.9551284790039,53.642,86600,9407243.59761021,108.628678956238,47.5539095580061,40.2206905476617,1065.7138115487,-0.00012449361302276,-0.000197498928357591,-0.0000514882976879281,-0.000197012211185785,-0.000317687167370332,-0.0000763372550012387,"neg","neg","yes","neg","neg","yes",NA,NA
"Bangladesh",20.4853798343402,9.93705280972509,2.1933339148511,0.0485507004060012,35.9199817296734,0.0427899163626815,19.9107348155242,0.345647804735335,26.9,3.5,8.57978192254397,3.71299990018209,40.5341512266042,96.5384331431709,5.42233339945475,3.93633666666667,19.3264320220842,3.69707333333333,25.71058,-0.998092766666667,-0.7650043,-1.403205,-0.870004866666667,-0.821556366666667,13.8333333333333,0.3825,29.1,0.3,3.4942935347693,94.6666666666667,0.6,58.579405263265,31.2266666666667,148460,146287825.019487,985.368617940774,90.267928277196,23.8394617953441,35.8771918133107,-0.000148878085652002,-0.000200575295439538,-0.0000971808758644662,-0.000234394059764695,-0.000365531189597312,-0.000103256929932078,"neg","neg","yes","neg","neg","yes",NA,NA
"Belarus",2.43095742184407,3.17162683497182,1.5569393862677,0.136232840018167,775.656171289016,81.1612882911332,1850.55120975742,29.8715243326489,22.1666666666667,0,40.0613941260648,6.10066668192545,95.9876347114234,97.2711719401026,4.64233334859212,7.27718666666667,30.0806227411732,7.36030666666667,2.02325666666667,-0.6303488,-1.0312003,-0.0380479666666667,-1.12606466666667,-1.03798963333333,2.5,4.28203333333333,99.9,0.233333333333333,0.0228223411157517,98,11.3666666666667,100,75.1856666666667,207600,9645096.64886084,46.4600031255339,27.981352615448,53.5063447948111,694.494882997882,-0.000158881328531372,-0.00021679675365148,-0.000100965903411264,-0.000247748521216651,-0.000323892995643294,-0.000171604046790007,"neg","neg","yes","neg","neg","yes",NA,NA
"Belgium",1.91916177027343,1.61473182720884,1.82154383959351,0.173627113979343,2252.36012537117,341.01849141626,3856.7213177062,70.2132077238193,22.3333333333333,0.1,2.85368158197033,7.65799983342489,99.4860688739872,99.9999975997977,7.70166651407878,9.62330666666667,38.4444444444444,9.08746333333333,1.64422666666667,1.57021266666667,1.611286,0.896260433333333,1.251743,1.41289433333333,2.5,2.92323333333333,98.4,0.1,1.57469022276669,98.3333333333333,6.4,100,97.6976666666667,30530,10955837.7642943,358.854823593,4.58083411385493,50.652440959023,1911.34163395491,-0.000112216041510117,-0.000224344908901878,-0.0000000871741183559649,-0.000149663162915742,-0.000309991927003283,0.0000106656011717995,"neg","neg","yes","neg","pos","no",NA,NA
"Benin",31.102298486723,54.2395387084146,5.81291555736341,0.0276707241290633,965.453423837642,3.61342001619671,188.132234020876,3.28394118008308,34.5,19.1,3.88558564541505,2.11533331871033,13.9450030093128,64.9787903179167,2.30066668987274,2.63453,9.23694779116466,3.43893,11.48416,-0.703626166666667,-0.5519575,0.314661366666667,-0.352807266666667,-0.6407144,8.4,0.0927,80.9,1.1,378.631426603527,77,0.5,36.5,43.6086666666667,114760,9720369.69999964,84.7017227256853,2.33737755349616,9.6474307806637,961.840003821445,-0.0000702618857828143,-0.000252303931052833,0.000111780159487204,-0.000204888284898232,-0.00049364401609289,0.0000838674462964263,"neg","pos","no","neg","pos","no",NA,NA
"Bosnia and Herzegovina",4.04507389199408,1.57056215882768,1.2388562381392,0.134691347634521,10984.719492169,239.027171221006,2777.32400281313,76.9951221799287,25.1,0,2.57337896249203,27.634667078654,95.236135307622,96.5714640365378,30.1686668395996,5.46476,19.8412698412698,5.29277,0.39851,-0.320826433333333,-0.647193366666667,-0.683891266666667,-0.0576492,-0.2967594,2.5,1.8757,99.9,0.2,2.74247151578004,89.6666666666667,3.46666666666667,99.8493857519622,45.8783333333333,51210,3715835.11204596,72.5607325140786,17.8168832703901,44.1807677629747,10745.692320948,-0.000100177362205119,-0.000218433251846657,0.0000180785274364186,0.0000275266581253132,-0.000327764228431329,0.000382817544681956,"neg","pos","no","neg","pos","no",NA,NA
"Botswana",20.9718034615439,20.9860490063651,2.57421827865407,0.0347021453195483,7177.17185366066,346.230687879103,6852.38731385047,17.8436707324427,51.3,3,7.64855051081203,17.8713334401449,68.526527276982,84.2693256925763,21.3706665039063,2.95738,7.93650793650794,3.580935,25.71058,0.985366466666667,0.463382733333333,1.0532326,0.520170033333333,0.668278633333333,24.6666666666667,0.4067,99.5666666666667,23.1,0.809059609312051,95,1.8,51.0321509806315,63.6816666666667,581730,2035641.93344383,3.49928993423724,23.7730814657894,-22.0997113788264,6830.94116578155,-0.000121688591265945,-0.000187951702554742,-0.0000554254799771484,-0.00000199738672008877,-0.000378372259076284,0.000374377485636106,"neg","neg","yes","neg","pos","no",NA,NA
"Brazil",10.3197307574648,10.25617468235,2.0500019382784,0.0737030542881169,30.3414979260304,2.8715971577037,75.9802265198115,1.74450183574723,42.15,1.65,5.69289188786053,7.27966658274333,83.0128922219786,96.564705810193,9.7113332748413,6.969275,8.57699805068226,6.68465,3.36431,0.0583016666666667,-0.0933537333333333,-0.0243793,0.137227433333333,0.0040973,2.5,1.8315,98.9666666666667,0.5,7.75831183691918,97.6666666666667,2.33333333333333,99.2437472135417,84.6296666666667,8515770,200581682.808808,23.5541451693514,-53.0543400357671,-10.8067736434989,27.4699007683267,-0.000102598782951399,-0.000243336115696967,0.0000381385497941689,-0.000044109138182588,-0.000330682573446719,0.000242464297081543,"neg","pos","no","neg","pos","no",NA,NA
"Bulgaria",3.60710070254499,3.92624739257629,1.51092798321027,0.185693127515096,999.616896534465,119.196298880119,2214.9689322592,80.3165597675544,26.7666666666667,0.833333333333333,3.2044874564567,11.2696669896444,85.9416319525945,99.3550975952726,10.1840000152588,7.23908333333333,21.5277777777778,7.37004333333333,6.06518,-0.211092466666667,0.122269633333333,0.347225133333333,0.585551166666667,-0.0887289,4.3,3.83743333333333,99.5,0.1,0.582675062122409,94.6666666666667,6.5,100,72.6383333333333,111000,7365949.37529697,66.3599042819546,25.1951109532771,42.7531187620217,880.420597654347,-0.0001037575801805,-0.000256274701090846,0.0000487595407298466,-0.000131092151119567,-0.000286578906897421,0.0000243946046582867,"neg","pos","no","neg","pos","no",NA,NA
"Burkina Faso",29.0383824595521,78.2401001309833,5.88885110870522,0.0296707645432946,680.17284182905,3.77795526092361,85.6676856154065,1.43648527190709,33.9,17.8,1.93789630546414,5.15366665522257,17.3863069841712,50.3708093085526,6.95233329137166,1.53942333333333,15.4595540422312,1.75946333333333,52.15048,-0.399119233333333,-0.583960466666667,-0.4153826,-0.151598766666667,-0.330078933333333,18.8666666666667,0.0439333333333333,65.9,1.13333333333333,539.4471237211,90.6666666666667,0.4,15.0744366963705,25.1986666666667,274220,17527127.1067141,63.9162975228432,-1.77653745205594,12.3116504941367,676.394886568126,-0.0000419645020813532,-0.000157846169408904,0.0000739171652461979,-0.000144348010868445,-0.00049474902356636,0.000206053001829471,"neg","pos","no","neg","pos","no",NA,NA
"Burundi",24.4255333178773,40.7857139658684,6.12977922795848,0.023602610793805,1430.30302570389,3.04017839449988,78.8600257722912,1.52595516474614,31.4666666666667,38.3,11.4154924270273,1.71766666571299,45.9263714775178,57.1287383963021,1.26333332061768,1.60811,31.0092842168314,1.91022333333333,30.82981,-1.26851033333333,-1.16142566666667,-1.71263233333333,-1.02429856666667,-1.13920866666667,23.1666666666667,0.0473333333333333,69.35,1.56666666666667,182.756862403446,96,1.9,5.91286001205444,10.917,27830,9270470.63413426,333.110694722755,29.9138922954257,-3.37739107535547,1427.26284730939,-0.000164302048156726,-0.000234576593222827,-0.0000940275030906254,-0.000277378396792386,-0.000444077910111873,-0.0001106788834729,"neg","neg","yes","neg","neg","yes",NA,NA
"Cambodia",17.3683046543449,14.8683485527862,2.94908719429114,0.0435186021299325,1023.9692185637,5.80034712334534,191.060352883228,8.38924195708391,32.2,3,4.13584733395406,0.617666681607564,40.8770325059258,69.1180588962602,0.592333336671193,2.56498333333333,20.5962059620596,4.28906666666667,23.9024533333333,-1.183958,-0.8738566,-0.302993766666667,-0.466790666666667,-1.04774076666667,14,0.2072,72,0.8,31.8566327209232,90.3333333333333,0.77,36.9475382486979,20.6646666666667,181040,14755235.4043072,81.5026259628104,104.876085325252,12.6847286293935,1018.16887144035,-0.000120048539647409,-0.000198998003243891,-0.0000410990760509267,-0.000200070948415687,-0.000389045361733391,-0.0000110965350979825,"neg","neg","yes","neg","neg","yes",NA,NA
"Cameroon",24.4288598920924,48.4558356047391,4.8336234539906,0.027622679078792,426.956116629245,1.37677654198576,130.735120661747,4.17248870975744,33.8,25.5,2.3192046669714,3.97200004259745,38.9809934583637,60.2657992641592,4.68633349736532,3.275995,13.8888888888889,3.580935,38.07082,-1.15594033333333,-0.8927124,-0.662392266666667,-0.826607066666667,-1.062413,8.16666666666667,0.08615,56.1,4.2,268.586844138954,83.6666666666667,1.3,53.9429954528809,52.164,475440,22767357.7839945,47.8869211340959,12.6115515465018,5.6630952879927,425.57934008726,-0.000077907842194752,-0.000291496827022286,0.000135681142632782,-0.000168427789489117,-0.000596683722661118,0.000259828143682884,"neg","pos","no","neg","pos","no",NA,NA
"Canada",3.00552962003225,1.92000059731364,1.68654990581443,0.146729536732697,516.366095011158,100.307918231347,1222.71279778659,17.4276298043261,25.7,0.1,2.06822828696502,7.6196665763855,99.5173900768942,99.2939814432807,7.01999998092651,6.23971,23.8363156929932,6.28882666666667,0.30094,1.991606,1.77576166666667,1.04217006666667,1.70050566666667,1.76860933333333,2.5,2.2173,98.8333333333333,0.1,0.0111111541781786,89,2.7,100,81.0566666666667,9984670,33952077.1425772,3.40042055897463,-98.142381372097,61.4690761453489,416.058176779811,-0.000140199779235217,-0.000402596369929524,0.000122196811459091,-0.000106556020034421,-0.000304231425143814,0.0000911193850749715,"neg","pos","no","neg","pos","no",NA,NA
"Central African Republic",40.0030811174486,84.5170506599448,5.2940119292612,0.0224388351480142,3622.88467933374,4.50597844562457,200.951966878146,3.3716047044052,36.9,38.3,6.80797871404943,3.93200000127157,23.9447708165852,46.9826032176212,3.82799998919169,0.89015,11.5384615384615,1.27694,55.710265,-0.956380733333333,-1.37287933333333,-1.88764566666667,-1.14280733333333,-1.342777,25.4333333333333,0.0231,40,4.83333333333333,422.310445446874,46.3333333333333,1,10.8031955718994,39.1423333333333,622980,4700682.50565706,7.54547899717015,20.3743472912439,6.54277870592131,3618.37870088812,-0.000110203689595395,-0.000189422617767332,-0.0000309847614234591,-0.000239923028521574,-0.000574600494078513,0.0000947544370353638,"neg","neg","yes","neg","pos","no",NA,NA
"Chad",32.6215419747365,77.9305476216297,7.18608417385298,0.0265941875262982,874.358959168665,2.39532479976864,158.400163852275,3.62989504799646,32.4,15.2,2.48933281233408,1.63566668828328,10.0371738769333,39.6528063738287,1.30133334795634,0.965306666666667,10.9402882635552,1.5861,37.26389,-1.341197,-1.44186833333333,-1.29567666666667,-1.055336,-1.48120666666667,39.3,0.0413,16.6,1.5,210.587086348196,37.3333333333333,0.5,6.70455468495687,22.0603333333333,1284000,12216174.5211897,9.51415461151848,18.5813295253329,15.3288673998397,871.963634368897,-0.0001203763868674,-0.000229685348308395,-0.000011067425426406,-0.00026328826431307,-0.00048775188081039,-0.0000388246478157494,"neg","neg","yes","neg","neg","yes",NA,NA
"Chile",4.0872043633774,2.94770490942289,1.84269534576468,0.0963169466474652,408.680107137391,58.9750564265775,1274.59252314861,29.8958712219016,37.3,0.2,2.58645880808889,7.47566652297974,97.8043942768919,98.6580636311992,8.96700032552084,5.46476,14.1666666666667,5.37522333333333,2.90187333333333,1.53598533333333,1.26139866666667,0.487753333333333,1.478695,1.364443,3.5,1.5886,99.8366666666667,0.333333333333333,0.433311354371364,92,2.1,99.6116857729492,87.1316666666667,756096.015625,16813670.7790538,22.2374809965839,-71.5206439451643,-39.0470143099484,349.705050710813,-0.0000871634578451709,-0.000262425289167121,0.0000880983734767787,-0.0000258960735538659,-0.000271445277169763,0.000219653130062031,"neg","pos","no","neg","pos","no",NA,NA
"China",3.90875207020999,5.15878040413066,1.27066417376731,0.0904473741765601,3.60522530430285,0.326940615453548,8.11969089519448,0.144931448240021,31.9666666666667,1.96666666666667,3.78291706822813,4.54800001780192,75.1796867797838,89.1819872561891,3.94166668256124,5.28231,21.3239386944201,5.29277,5.43603333333333,-0.501485733333333,0.0667587,-0.5992992,-0.232086233333333,-0.472547366666667,2.66666666666667,1.48453333333333,99.7,0.9,0.00496842561719507,99,3.85333333333333,99.7883692423503,50.5006666666667,9562911.25,1369995676.53524,143.261360554322,103.883612300632,36.5550665318587,3.2782846888493,-0.000118679434040723,-0.000215832662654071,-0.0000215262054273747,-0.000190860725828803,-0.000315759798179323,-0.0000659616534782817,"neg","neg","yes","neg","neg","yes",NA,NA
"Colombia",6.85788145225001,6.10219615167632,2.36709119588174,0.07492663944898,187.194437886144,15.0085726100755,265.905593982826,3.20646259367966,42.4333333333333,2.56666666666667,2.95203281966079,10.278333346049,83.3520982575898,95.3017201947682,13.3136666615804,6.15367,12.2976755506876,5.88484333333333,3.87856333333333,-0.3538787,0.000864300000000001,-1.40788366666667,0.337796433333333,-0.3060968,11.0333333333333,1.6761,97.5666666666667,0.4,10.9988607159861,88,1.45,96.838257,78.3333333333333,1141749.32291667,44952188.0518961,39.3713288456901,-73.0777320869748,3.9272138627097,172.185865276069,-0.0000585617376883546,-0.000125626075713265,0.00000850260033655627,-0.00000167029265247912,-0.000264771090399121,0.000261430505094163,"neg","pos","no","neg","pos","no",NA,NA
"Costa Rica",5.20923472081781,2.98459810978624,1.8500420999095,0.0718431863678587,1372.97915717154,197.967089012157,3166.89181988077,61.4069055478579,37.0333333333333,0.666666666666667,5.0120716936495,9.03133344650267,96.0637131671716,98.4926437968672,11.150333404541,5.24841,38.5964912280702,5.14498,8.32105,0.658458733333333,0.382138566666667,0.612738566666667,0.4955204,0.498237566666667,3.86666666666667,2.37853333333333,97.5333333333333,0.3,0.0261614531391022,88,1.2,99.2437933333333,72.85,51100,4427387.88198676,86.6416415261597,-84.1754230960095,9.96567112746453,1175.01206815938,-0.000114040556740697,-0.000178829115648593,-0.0000492519978328009,-0.000116552803018836,-0.000279254734398982,0.0000461491283613102,"neg","neg","yes","neg","pos","no",NA,NA
"Croatia",2.63300827288789,1.47495073538438,1.46379613018066,0.175907884113645,2726.37674272337,332.04912676588,4853.20185644347,43.3635623018336,23.8333333333333,0.6,2.23845193895889,13.7443335851034,96.3907905451079,99.3460889867549,14.0026667912801,8.16965,23.7371769900013,7.96813,1.05609,0.0442682666666667,0.6300882,0.613034066666667,0.523306466666667,0.221815733333333,2.5,2.9039,99.9,0.1,2.34627293486289,96.3333333333333,5.73333333333333,100,55.3276666666667,56590,4362058.96098112,77.0817982148987,16.5661897716455,45.0162339959311,2394.32761595749,-0.0000924498948957256,-0.000201559781984597,0.0000166599921931459,-0.000106322335144924,-0.000357305431966455,0.000144660761676608,"neg","pos","no","neg","pos","no",NA,NA
"Cuba",2.32490317508497,2.64915361481871,1.69021931091715,0.128603975981192,3810.68680897816,193.888790255455,1751.12671527339,21.3830611387257,42.8666666666667,0.1,6.16128151496046,3.04666670163472,90.6423861464906,94.6476574974696,3.27699995040894,5.48818333333333,44.5344317091157,5.47113,4.48777,0.2734793,-0.380577,0.3123076,-1.61948733333333,-0.704757466666667,2.5,7.03406666666667,99.9,0.266666666666667,2.34627293486289,97.3333333333333,5.43333333333333,99.9865366617839,76.689,109880,11466961.12684,104.358947277394,-78.9606849097026,21.6317515410252,3616.7980187227,-0.000106921207467194,-0.000184070847627696,-0.0000297715673066915,-0.00014033505798034,-0.000352633214435124,0.0000719630984744445,"neg","neg","yes","neg","pos","no",NA,NA
"Cyprus",1.83261690813562,1.3710511059132,1.37375820460852,0.117858804545895,10452.2329745034,789.362721622963,27391.9992726,806.680696437351,26.8,0,2.70284811236261,8.63800001144408,99.4633000443329,99.7315087859784,8.35599994659425,5.63435,11.3095238095238,5.58958333333333,3.23766333333333,1.03078983333333,1.49555666666667,0.565185133333333,1.26348766666667,1.12962966666667,6.26666666666667,2.23353333333333,98.5333333333333,0.1,2.34017204472348,99,3.5,100,67.406,9250,1144725.56739565,123.754115394125,33.0395538029541,34.9070608509434,9662.87025288046,-0.0000942136403309234,-0.00013638253731807,-0.0000520447433437772,-0.00016225249864001,-0.000360122510676459,0.0000356175133964401,"neg","neg","yes","neg","pos","no",NA,NA
"Denmark",2.35233148666459,1.16941556160415,1.74002835803934,0.169171317371929,4775.44183813457,784.864348428229,8037.46331700276,116.54946260935,22.7666666666667,0,2.48917382896891,7.52100006739298,99.5972316467687,99.9999985532548,7.15833330154419,7.47425333333333,38.7337057728119,7.43323,1.00996333333333,2.38150033333333,2.060812,1.01872156666667,1.86278833333333,1.89804666666667,2.5,3.7754,98.4,0.2,0.0912573125844653,91.6666666666667,3.3,100,86.9646666666667,43033.3333333333,5560319.17688196,129.209585829945,9.876372937675,56.0639344617945,3990.57748970634,-0.0000938932760035738,-0.00011895876133088,-0.0000688277906762679,-0.000134165520281316,-0.000359478984958396,0.000091147944395764,"neg","neg","yes","neg","pos","no",NA,NA
"Dominican Republic",17.2566362570138,8.55628047578966,2.61366973495091,0.0629999829490345,556.250199540885,42.134708237176,1166.18301315089,29.4169443983355,36.6666666666667,0.666666666666667,6.16128151496046,6.00699996948242,81.7564937110431,94.7694652371353,8.23266665140788,4.97164333333333,20.7650273224044,4.70219666666667,7.09825,-0.838562433333333,-0.581495933333333,0.0689769666666667,-0.150663433333333,-0.756503533333333,10.8666666666667,1.5268,98.1333333333333,1.23333333333333,0.403704474159139,85.6666666666667,1.65,97.9704453333333,74.794,48670,9931037.14503035,204.048431169722,-70.4623584569753,18.8844870879823,514.115491303709,-0.000107714793318895,-0.00020191746436919,-0.0000135121222686013,-0.0000274789414769426,-0.000188191080431702,0.000133233197477817,"neg","neg","yes","neg","pos","no",NA,NA
"Ecuador",7.9681437160406,7.54278403395481,2.65112083157654,0.0644239101909438,408.660968966399,29.4616984696544,679.665917257017,25.1458985587714,35.4,1.73333333333333,4.37687727107451,3.59366655349732,81.6702999076094,90.2419794198822,4.36066659291585,5.9852,32.258064516129,5.83758,12.07152,-0.686537233333333,-0.6009666,-0.614512833333333,-1.073202,-1.181354,17.8333333333333,1.88465,91.1333333333333,0.333333333333333,2.74247151578004,88.6666666666667,1.56666666666667,97.17659,62.843,256370,15208451.6734459,59.3222751236335,-78.3841667460837,-1.45477170554058,379.199270496745,-0.0000853227699912368,-0.000159455376150853,-0.0000111901638316206,-0.000147922883200172,-0.000373101372891445,0.000077255606491102,"neg","neg","yes","neg","pos","no",NA,NA
"El Salvador",5.44386621165622,5.9546906425674,2.21174092609834,0.0734034683822661,1080.81238846822,62.6058669981009,1121.26741077602,27.1153738734684,32.8666666666667,1.2,2.67933145045558,4.3443333307902,86.0265565164688,91.1108281480402,3.62633323669434,4.28869666666667,21.4285714285714,4.33640666666667,19.03235,-0.317188566666667,-0.0742190333333333,0.134809133333333,0.386631633333333,-0.7445122,10.9333333333333,1.596,98.8333333333333,0.7,0.0111111541781786,90,1.03333333333333,92.6118316666667,66.3213333333333,21040,6031666.78221271,286.676177861821,-88.8729031703238,13.7260916257942,1018.20652147012,-0.000120138529324457,-0.000268725850650596,0.0000284487920016828,-0.0000679260727343343,-0.000302027202589002,0.000166175057120333,"neg","pos","no","neg","pos","no",NA,NA
"Equatorial Guinea",18.1063682691741,20.7895538601916,4.62465688531916,0.0237226539883309,6124.45110746604,132.857356834092,32231.4602759536,198.161462655904,42,10.6,5.41705839475229,6.73000001907348,64.6218790828926,61.6416227104663,6.61333338419596,2.63453,10,3.11884333333333,19.03235,-1.48534266666667,-1.639677,0.2063918,-1.38608233333333,-1.28734866666667,8.1,0.1565,68.3,5.86666666666667,346.712604085864,54,2.1,65.9330856323242,67.476,28050,1084716.89170679,38.6708339289409,10.366031325064,1.64586431996008,5991.59375063195,-0.000137095740675534,-0.000186230786389301,-0.0000879606949617667,-0.000267309604533585,-0.000446757069967134,-0.0000878621391000357,"neg","neg","yes","neg","neg","yes",NA,NA
"Eritrea",19.7873712094285,28.8556427716292,4.78945059029675,0.0215570228129146,91.1574282684785,3.69365125010857,271.815894867333,4.3118704613616,34.5,34.3,3.78291706822813,5.4160000483195,11.3706677215391,50.1523621044794,5.24400011698405,3.42892333333333,22,3.89110666666667,25.4515,-0.6546753,-1.40547366666667,-0.781398166666667,-2.23073766666667,-1.36233366666667,30.2666666666667,0.2554,34.1,0.833333333333333,22.1112478380287,94.3333333333333,0.7,40.8807907104492,35.473,117600,5767355.31817966,49.0421370593509,38.6781869278648,15.4272767514129,87.4637770183699,-0.000114224701832253,-0.000168464659459157,-0.0000599847442053496,-0.000239236575801554,-0.000407941586443139,-0.00007053156515997,"neg","neg","yes","neg","neg","yes",NA,NA
"Estonia",1.17047138718324,1.58311427487846,1.59503421633071,0.175422286293437,9638.13890901474,1187.66056867438,19613.5686187214,245.950250739106,24.7666666666667,0.433333333333333,3.96244876922095,13.0186669031779,99.2817060622541,99.5728415748891,11.5876665115356,6.25863333333333,21.1221122112211,6.25968666666667,2.80561666666667,1.0479021,1.038992,0.636291166666667,1.39951366666667,1.16687133333333,2.5,3.27243333333333,99.3333333333333,0.1,0,93.6666666666667,5.33333333333333,100,68.011,45230,1328491.00583711,29.3718993110128,25.8247256130266,58.6436954266309,8450.47834034037,-0.0000956724956524472,-0.000135078734239044,-0.0000562662570658509,-0.000155872549538992,-0.000378542404054035,0.0000667973049760508,"neg","neg","yes","neg","pos","no",NA,NA
"Eswatini",16.9959197360382,31.1684523976015,3.42830359291095,0.0320993381291463,31649.9703706687,391.594384622174,7057.07599818364,58.7470805562434,42.4333333333333,25.5,6.51877029717609,26.2526664733887,55.8399829561262,63.811248033727,28.5429992675781,3.34601666666667,13.6363636363636,3.54355666666667,7.45596,-0.332519766666667,-0.584645866666667,-0.321166933333333,-0.596470433333333,-0.5055217,8.96666666666667,0.1017,82,27.9666666666667,1.52917960793685,91.6666666666667,2.1,53.9429954528809,22.6763333333333,17360,1081260.01249907,62.284562931974,31.3952559020653,-26.48985528852,31258.3759860465,-0.000131393753974263,-0.00018886067860502,-0.0000739268293435057,-0.000206718521358299,-0.000336775687199928,-0.0000766613555166702,"neg","neg","yes","neg","neg","yes",NA,NA
"Ethiopia",27.3522765286633,26.1322553725732,5.22701409066877,0.0269876483984171,98.2484977759603,0.314974567366766,13.8773710211604,0.265645084490245,27.4,9.7,21.176770769084,2.30599999427795,5.94081213217516,34.3087955379468,3.02099998792013,2.02666333333333,27.7879341864717,2.18363666666667,41.13075,-0.650385266666667,-0.447220433333333,-1.56877866666667,-0.972681266666667,-0.739564333333333,30.2333333333333,0.022,10,1.33333333333333,120.239998544865,62.6666666666667,6.3,25.4656174977621,17.738,1104300,88106622.268716,79.7850423514589,39.5512557929377,8.65399918813258,97.9335232085935,-0.000175118191988739,-0.000243280646317748,-0.00010695573765973,-0.000336637637343117,-0.000494540688381,-0.000178734586305233,"neg","neg","yes","neg","neg","yes",NA,NA
"Finland",1.19535139401805,1.05628522242082,1.81023038241667,0.182351066467734,4484.49182644193,581.70390133489,7478.91298337167,130.054547263358,22.5666666666667,0,2.46975966657145,7.95466677347819,99.4479605099616,100.000001501776,7.2653333346049,6.61510333333333,41.6666666666667,6.46207333333333,1.78042666666667,2.19788033333333,2.23031866666667,1.40594766666667,1.84154566666667,1.95657566666667,2.5,3.22426666666667,99.7666666666667,0.1,2.34627293486289,99,5.56666666666667,100,84.308,338420,5407364.14652577,15.9782641289692,26.2117646102964,64.5040940396365,3902.78792510704,-0.0000990622352179891,-0.000167102208917374,-0.0000310222615186046,-0.000185581390415739,-0.000282368526374972,-0.0000887942544565073,"neg","neg","yes","neg","neg","yes",NA,NA
"France",2.08501369936976,1.58850318209474,1.95369018345765,0.169747954808578,371.649808958648,57.7230936030703,588.213238676007,6.72326838869215,26.9666666666667,0,1.86563865736476,9.02733325958252,98.654712473965,99.9821259786521,9.18066660563151,7.45081666666667,21.5482380127094,7.4258,1.27565333333333,1.484854,1.37657466666667,0.6130073,1.201358,1.47363033333333,2.5,3.23676666666667,96.9333333333333,0.3,0.00866203361723376,99,6.56666666666667,100,78.623,549086.9921875,64117412.6658892,116.770955382594,-2.87669669927055,42.4607043266338,313.926715355578,-0.0000658457899594819,-0.000271168944698127,0.000139477364779163,-0.000035579806011704,-0.000237477036673744,0.000166317424650336,"neg","pos","no","neg","pos","no",NA,NA
"Gabon",16.2422251041667,14.8530423395302,3.40205402341063,0.0401073066007487,7916.87688590757,204.417681833641,10567.3649180237,71.645498929063,42.15,1.3,1.79242646417836,20.4033330281576,44.3113050138994,84.2873683020332,28.9046662648519,2.16093333333333,14.8704375882234,3.7127,12.30268,-0.8185406,-0.824002166666667,0.3258205,-0.561045466666667,-0.4826964,17.3666666666667,0.175633333333333,89.3,4.1,212.026450870378,74.6666666666667,6.3,86.7390889485677,86.0863333333333,267670,1531793.97156976,5.72269575062488,11.687751174902,-0.647048139804029,7712.45920407393,-0.000129785875419247,-0.00019730538743716,-0.0000622663634013347,-0.0000814079925689745,-0.000511923798885914,0.000349107813747965,"neg","neg","yes","neg","pos","no",NA,NA
"Georgia",5.93160122898229,4.7895762340324,1.92239422636636,0.143342285314449,8768.31792218092,82.3693797446643,1920.28642391144,118.077761629056,29.5333333333333,3.2,4.90315115164112,19.8293329874674,91.5001675389812,96.0079807667576,17.7440001169841,6.955095,8.36369406537607,6.17991333333333,1.37228666666667,0.175863066666667,0.489587233333333,-0.6852423,0.6505901,-0.116151966666667,4.4,4.47793333333333,99.7333333333333,0.133333333333333,0,92.6666666666667,2.76666666666667,99.7119903564453,55.919,69700,3938101.04699436,56.5007323815546,43.4815426540903,42.162015014153,8685.94854243625,-0.000128941677563716,-0.000230233756027215,-0.0000276495991002178,-0.0000865458527069825,-0.000414213733269423,0.000241122027855458,"neg","neg","yes","neg","pos","no",NA,NA
"Germany",1.99224601834943,1.39279147008311,1.36698089412427,0.205219176806216,269.030977483797,53.1033825784714,533.865200620844,8.12374159039557,24.15,0,1.7291582025422,6.0563333829244,99.2245477960777,100,5.75,8.89283,32.8679597552121,9.11608,2.69458,1.78304,1.57316733333333,0.804891433333333,1.55467,1.637452,2.5,3.84183333333333,98.3666666666667,0.3,2.34017204472348,95.3333333333333,8.2,100,77.0986666666667,357145.6640625,81649547.9592928,228.616937499777,10.2884850927429,51.1337226904078,215.927594905325,-0.000124319832454187,-0.000336042272146146,0.0000874026072377725,-0.000104890636989733,-0.000329743093266112,0.000119961819286646,"neg","pos","no","neg","pos","no",NA,NA
"Ghana",23.7511451229659,29.8211362064033,3.85601439434741,0.0344084906249245,365.518285539794,2.42523656636841,187.075050057231,3.05012874065907,31.8,3.4,8.85358500435181,5.62533330917358,14.5759695647606,75.3723248356505,5.98499997456869,3.762105,8.26086956521739,3.985295,19.03235,-0.0469185333333333,-0.0456240666666667,0.107966766666667,0.1229831,-0.0074845,6.93333333333333,0.0957666666666667,67.2,1.9,372.656275430395,92.3333333333333,0.9,66.1299765633138,51.3933333333333,238540,25977635.2069246,108.902637741782,-1.2369685557064,7.92865181309965,363.093048973426,-0.00017006424183139,-0.000243408348710125,-0.0000967201349526561,-0.000106675376682515,-0.000534346078814426,0.000320995325449397,"neg","neg","yes","neg","pos","no",NA,NA
"Greece",2.2273823322899,1.81409100433723,1.38329582396081,0.193022376786596,1279.07508008348,130.886795119272,2308.25186044303,61.7975918521574,25.9333333333333,0.733333333333333,3.18145496144302,18.33899974823,98.5140582519624,99.9581580462548,22.0416666666667,6.17374666666667,19,6.26019333333333,1.89508,-0.1152725,0.462679066666667,-0.147716933333333,0.556021333333333,0.5432985,2.5,4.03996666666667,99.8666666666667,0.1,0.433311354371364,99,4.56666666666667,100,76.6483333333333,131960,11001760.4878218,83.371934584888,22.7198134470951,39.066715899714,1148.18828496421,-0.000111389720055583,-0.000244270386416791,0.0000214909463056259,0.0000287244591824079,-0.000128953354981521,0.000186402273346337,"neg","pos","no","neg","pos","no",NA,NA
"Guatemala",8.57729123191061,13.7222380301605,3.01178983730429,0.0472806870306077,280.714942722158,10.6455486234762,460.645422695387,16.1585081061716,34.5,1.73333333333333,4.61848019193316,3.12600000699361,64.7342534646182,91.3277970690097,3.6776667435964,3.12434666666667,12.8691983122363,3.23828333333333,22.96438,-0.572982833333333,-0.717102766666667,-0.7436287,-0.1528551,-1.02427223333333,17.6,0.295,52.3,0.4,0.707341419543798,92.6666666666667,0.6,84.9772113439128,48.7013333333333,108890,14900416.8945848,136.839166999585,-90.3694583605315,15.6993606120269,270.069394098682,-0.0000796059295558413,-0.000219125204689933,0.0000599133455782508,-0.00011307135135267,-0.000394184614979811,0.000168041912274472,"neg","pos","no","neg","pos","no",NA,NA
"Guinea",31.1977156469967,66.6036976572427,5.30530944416808,0.0384066490895397,1027.67898531164,3.00685376120536,157.917562957702,3.45280526896827,26.4,10.6,17.3458496302102,4.49299987157186,18.0150647038817,62.8939729445343,3.52500001589457,2.0751,8.57699805068226,2.68488,52.84251,-1.11446566666667,-1.16697466666667,-1.45404833333333,-1.040136,-1.443962,48.5666666666667,0.1,45.3,1.6,423.11794520308,61.3333333333333,0.3,26.2821379343669,33.9663333333333,245860,10240824.9348359,41.653074655641,-11.0608537411855,10.4482728772713,1024.67213155044,-0.000168138767787541,-0.000247657116555613,-0.0000886204190194699,-0.000277277451460016,-0.000583347951329309,0.0000287930484092773,"neg","neg","yes","neg","pos","no",NA,NA
"Guinea-Bissau",32.1706117595307,40.436026257783,4.82861278541399,0.0248484962436643,11506.7588869075,17.6552896359122,882.796879760148,31.9136696482158,42,32,3.23149982255467,2.660666624705,17.4935580941888,62.5160620688073,2.3916666507721,1.93723333333333,11.3333333333333,2.78132,39.99784,-1.196865,-1.096204,-0.803292066666667,-1.16268433333333,-1.38686633333333,39.3,0.0545,43,3.83333333333333,134.555279959161,85.3333333333333,2.1,9.83235200246173,40.509,36130,1594351.05700671,44.1281776088213,-15.1106237516679,12.0227043823257,11489.1035972716,-0.000115094267055293,-0.00018461522324024,-0.0000455733108703465,-0.000217919559618229,-0.000498289843871702,0.000062450724635245,"neg","neg","yes","neg","pos","no",NA,NA
"Haiti",29.7464949649938,39.2904554097192,3.55836140501028,0.0380359153409023,1936.85645908528,7.27336177450724,151.065075980094,4.15375434990316,31.2,8,5.3927260978432,14.7339998881022,28.2089494824474,62.6807504568917,17.6763331095377,2.16093333333333,6.51072124756335,3.54355666666667,7.45596,-1.21537533333333,-1.64917433333333,-0.9061919,-1.0072991,-1.368493,48.5666666666667,0.1378,37.3,2.13333333333333,8.09777613424389,67,0.7,36.7385108947754,48.4926666666667,27750,10491014.7703154,378.054586317671,-72.6580133053557,18.9007006918433,1929.58309731077,-0.000131312081493708,-0.000238789856786243,-0.0000238343062011733,-0.000130979748994576,-0.000505336493838449,0.000243376995849296,"neg","neg","yes","neg","pos","no",NA,NA
"Honduras",9.55710778775182,7.7546955488938,2.86764479536608,0.0443741222334726,1216.7833302479,19.7702448429583,502.723357814864,21.6983429733222,42.8666666666667,7,5.55245212607614,4.11566662788391,75.1125940679893,91.4984894746127,5.66666650772094,3.58126333333333,19.0104166666667,3.24928,25.4515,-0.890424833333333,-0.625110466666667,-0.412486866666667,-0.183242833333333,-0.974031433333333,21.0333333333333,0.295,82.8,0.4,1.39756137627618,97.3333333333333,0.733333333333333,82.2625643333333,52.5433333333333,112490,8187113.18953945,72.7808088678056,-86.5899638380154,14.8229470816529,1197.01308540494,-0.000107208750569287,-0.000184838351682892,-0.0000295791494556821,-0.0000857109492825019,-0.000420578832254063,0.000249156933689059,"neg","neg","yes","neg","pos","no",NA,NA
"Hungary",2.15020805584047,2.03627806850103,1.3160883669151,0.169599752476383,1332.63947936766,135.852949252859,2328.99029962665,51.1170177381079,23.4,0.0666666666666667,4.81254137238559,11.0680001576741,98.0051041452442,99.969335366041,10.7513332366943,7.75363666666667,8.89464594127806,7.80033,4.15020666666667,0.3738602,0.656812966666667,0.701610866666667,1.0123569,0.720081333333333,2.5,2.9923,99.0333333333333,0.2,3.08037055385635,99,7.13333333333333,100,69.3156666666667,93030,9934889.0846683,106.792315217331,19.3576286277459,47.1999511719543,1196.7865301148,-0.000149023323684156,-0.000238368517081734,-0.0000596781302865774,-0.0000991584069950071,-0.000316724702067684,0.00011840788807767,"neg","neg","yes","neg","pos","no",NA,NA
"India",24.3578738846798,12.5520443318862,2.47017348774925,0.0545481147516534,2.05209343085078,0.0498989223248343,3.8745691526372,0.0812689698492282,30.1,4.6,10.053398830555,5.64200003941854,44.0295967334088,87.7641469717373,5.64766677220662,4.48611333333333,10.9480122324159,4.60315333333333,7.45596,-0.505879033333333,-0.0463327333333333,-1.29802966666667,-0.398649633333333,-0.0666834666666667,16.3,0.699133333333333,67.2,0.9,14.7086761280176,81,0.7,74.6,31.28,3287260,1250681459.17715,380.463200104996,79.5937037632538,22.9250064074085,2.00219450852595,-0.00016513421644288,-0.000237736926127186,-0.0000925315067585733,-0.000201691750824954,-0.000347093181791507,-0.0000562903198584013,"neg","neg","yes","neg","neg","yes",NA,NA
"Indonesia",13.9438591019379,12.5290871769009,2.23062240835586,0.0504398793615801,8.51532951796935,0.671221599759953,38.3951299102507,0.592588166401891,31.1,1.83333333333333,4.92325059797352,5.07833321889242,61.872220660366,85.0656935454096,5.58199993769328,4.74363,18.2738095238095,4.71448666666667,15.6295566666667,-0.697674066666667,-0.248880066666667,-0.739097733333333,-0.348844533333333,-0.602903366666667,10.9,0.2235,82.65,0.833333333333333,10.1983372779403,83,0.75,94.9933333333333,50.595,1910930,243152383.552397,127.242956859956,117.423407562274,-2.22173793652054,7.8441079182094,-0.000145539688536358,-0.000220483259771746,-0.0000705961173009692,-0.000161001622938611,-0.000419987905768508,0.0000979846598912865,"neg","neg","yes","neg","pos","no",NA,NA
"Ireland",2.07908719095556,1.26613080154285,1.95397422129772,0.11592212793388,4111.67653277101,812.326356882402,9855.43687418251,146.186721963279,25.4333333333333,0.266666666666667,1.11043399193006,15.1123332977295,90.64674701482,97.3250178928619,12.2213335037231,5.92162333333333,14.6866252890349,5.81955,0.56043,1.57163,1.45087366666667,0.970078866666667,1.59755766666667,1.75277,2.5,4.05623333333333,99.8,0.166666666666667,2.74247151578004,94.6666666666667,2.9,100,61.742,70280,4654919.41402095,66.2339131192509,-8.01023654487701,53.1805912099501,3299.35017588861,-0.0000799251064414072,-0.000142755958745652,-0.0000170942541371627,-0.00000851459056867714,-0.000262642077313423,0.000245612896176069,"neg","neg","yes","neg","pos","no",NA,NA
"Israel",1.76008386722663,1.4838230440917,2.91430721848531,0.100040505231682,1754.00220073925,216.175128162762,3994.36637157536,66.4594805308436,30.35,0.2,2.61975812213769,7.49199978510539,100.00000002399,100.00000002399,7.29266675313314,6.24928333333333,19.7222222222222,6.17991333333333,0.0162533333333333,0.8232441,1.33702266666667,-1.20712466666667,1.23705466666667,0.954480366666667,2.5,3.51476666666667,99.7666666666667,0.2,0.0261614531391022,94.3333333333333,3.13333333333333,100,91.8926666666667,22070,8004372.66414932,362.681135666032,35.003851206429,31.4849193900197,1537.82707257649,-0.000129202501518794,-0.000241119144968367,-0.0000172858580692213,-0.000155000833411849,-0.000319165772194227,0.00000916410537052807,"neg","neg","yes","neg","pos","no",NA,NA
"Italy",1.78411722674165,1.2901940734704,1.3823523492354,0.203868086421428,322.140797037614,43.3772207304455,598.331289454284,11.6175146209881,26.3333333333333,0.866666666666667,2.44917069408115,9.12566661834717,98.7693196080697,99.579115119889,10.3233331044515,8.16918,21.4285714285714,8.21858,0.32538,0.124987266666667,0.413373566666667,0.494449533333333,0.788019833333333,0.433387333333333,2.5,3.85066666666667,99.9,0.3,0.0111111541781786,96.3333333333333,3.5,100,68.485,301340,60535557.1446234,200.887891234564,12.1407883722359,42.7511830529643,278.763576307168,-0.000110379304299894,-0.000382587848372037,0.000161829239772248,-0.0000888693066763852,-0.000188036659755936,0.0000102980464031659,"neg","pos","no","neg","pos","no",NA,NA
"Jamaica",12.8034921400337,3.2235382931177,1.73075269104632,0.0818561145453114,1929.57959987407,123.780396592192,2951.31887718341,31.3595666315433,37.0333333333333,1.2,9.01248295493528,12.9986667633057,85.4198869645428,90.8983542883762,17.0499998728434,4.77373,12.9100529100529,4.585875,19.03235,-0.217184166666667,0.1500486,-0.124005566666667,0.268800166666667,-0.409438633333333,9.93333333333333,0.354,99.1,1.5,3.73431328465229,94,1.75,92.3048487345378,53.935,10990,2762055.2952469,251.324412670327,-77.3242548016489,18.1376361278684,1805.79920328188,-0.000117803978277201,-0.000184563644980429,-0.0000510443115739726,-0.0000992445816850131,-0.00042197471712826,0.000223485553758234,"neg","neg","yes","neg","pos","no",NA,NA
"Japan",0.881811235273305,1.64781109357289,1.33275869233092,0.232830473530058,125.236112280256,29.3387477451094,284.702575572809,3.98526843797132,25.7,0,-0.346517362765944,4.6403333346049,99.9409660950672,98.7689583333333,4.24166663487752,6.27356666666667,9.99999999999999,4.70219666666667,2.56412666666667,1.582909,1.471992,0.9409627,1.080647,1.332082,2.56666666666667,2.23995,99.8,0.9,3.16649573001096,97,13.4,100,91.0096666666667,377955,129942300.072781,343.803627608528,138.064962132708,37.6631108117046,95.897364535147,-0.000116260737048399,-0.000168181738953682,-0.0000643397351431148,-0.000176171271972083,-0.000400289868559359,0.0000479473246151932,"neg","neg","yes","neg","pos","no",NA,NA
"Jordan",9.0130541152358,6.56243414057642,3.16596999969674,0.0337537953457601,6625.70236160345,36.4415830176855,1128.1713937463,19.1945135908254,27.5,0,4.50772998483633,12.5333331425985,97.8217531145988,99.1112558573537,21.0543333689372,4.71812,10.8333333333333,4.64582666666667,18.74123,0.0714528666666667,0.0602097,-0.4500108,0.2383922,0.2666635,7.83333333333333,2.2326,99.6,0.1,0.0262614034942297,98,1.8,99.5978749593099,87.1483333333333,89320,7721469.33858711,86.4472608440116,36.7794549063252,31.2454905847484,6589.26077858576,-0.000147386550485597,-0.000264117324864142,-0.0000306557761070514,-0.0000848706769444936,-0.000325257031916056,0.000155515678027069,"neg","neg","yes","neg","pos","no",NA,NA
"Kazakhstan",5.70678859505837,6.82335534755638,2.47223846443463,0.0659241332068539,397.972041770945,28.7985121355778,1333.66106054702,11.4274469577385,23,0,5.09791484975883,5.48333326975505,97.4644755842972,91.9224636325107,6.44833342234294,7.18662666666667,19.9376947040498,7.15054666666667,0.172836666666667,-0.969493733333333,-0.4287288,-0.0746846,-0.316620466666667,-0.6246752,3.2,3.92896666666667,99.9633333333333,0.1,0,99,7.13333333333333,99.7697748111773,56.9,2724901.875,16439202.3729892,6.03295205739811,67.2846109811001,48.1916607521823,369.173529635367,-0.000213169835802296,-0.000340620399997532,-0.0000857192716070598,-0.000249154235002573,-0.000357783259172092,-0.000140525210833055,"neg","neg","yes","neg","neg","yes",NA,NA
"Kenya",19.4507346308624,21.339767419193,3.82637764529174,0.0268478333101224,235.221755509831,1.99057949075126,61.972850942051,1.09950561635172,33.8,14.2,9.12055011218422,2.84666673342387,30.5885935922318,55.0120572915528,3.05300005276998,1.98165,9.82142857142857,2.65848,23.60832,-0.9845827,-0.5489733,-1.24458533333333,-0.198690566666667,-0.889945266666667,23.9666666666667,0.175633333333333,65.1,5.6,69.6435363504014,93.3333333333333,1.4,26.1558511098226,23.972,580370,41739802.4892654,71.9192971539974,37.7915552866614,0.595966252176952,233.23117601908,-0.000159514270016909,-0.000227647132029133,-0.0000913814080046861,-0.000127965304078072,-0.000458344305580964,0.000202413697424819,"neg","neg","yes","neg","pos","no",NA,NA
"Kuwait",5.16697162386003,4.11732282318544,1.87246484149352,0.0300084059324542,9488.62033019485,711.406264448493,23866.7898496791,83.2756121805034,22.3333333333333,0.1,4.19698412642652,2.21700004736582,100,100,3.65633336702983,6.8222,7.17948717948718,6.76162,5.26762,0.0660078333333333,0.040971,0.322232566666667,0.0688869666666667,0.502860766666667,2.5,2.4506,98.7333333333333,0.1,3.4942935347693,98.3333333333333,2.03333333333333,100,100,17820,3150358.12598755,176.787773624442,47.6000988876264,29.3072666340336,8777.21406574636,-0.000112700238211835,-0.000179527299413894,-0.0000458731770097756,-0.000200849297751827,-0.000346538423023452,-0.0000551601724802026,"neg","neg","yes","neg","neg","yes",NA,NA
"Latvia",2.16880994386439,2.20392392888726,1.36079248002241,0.18397591533021,5151.85434356891,473.031771974865,10283.8660631231,210.825958245477,26.7,0.566666666666667,1.84796296432885,16.9116665522257,90.5157975227219,98.3172437463403,14.6689999898275,6.06864666666667,22,6.09201666666667,0.869583333333333,0.253471266666667,0.7484656,0.4338276,0.986692966666667,0.773434566666667,2.5,3.08356666666667,98.6666666666667,0.3,0,91.6666666666667,5.83333333333333,100,67.869,64490,2085350.1694757,32.3360237164785,24.8332961498034,56.8071751342792,4678.82257159404,-0.000096728158778273,-0.000148998337871583,-0.0000444579796849631,-0.000093145179238399,-0.000413576456463183,0.000227286097986385,"neg","neg","yes","neg","pos","no",NA,NA
"Lebanon",4.98350815328301,4.7091084147264,2.9825160504789,0.0914304464028451,7479.6271225072,114.870805067625,3303.32156723618,85.9660053389292,24.8,0,5.17881320410633,6.42533334096273,89.1134551282051,90.4278478207283,10.5220003128052,7.18662666666667,3.125,7.36030666666667,5.43603333333333,-0.882384233333333,-0.297361466666667,-1.61603833333333,-0.0407642,-0.716544433333333,12.5,2.4793,99.7,0.1,0.00050097364227376,82.3333333333333,3.5,99.8770413304654,87.4846666666667,10450,4382780.22345204,419.404806071965,35.8709863200164,33.9118272078199,7364.75631743958,-0.000130396716503034,-0.00022270658597262,-0.0000380868470334476,-0.00019231906686432,-0.000351376875810566,-0.0000332612579180746,"neg","neg","yes","neg","neg","yes",NA,NA
"Lesotho",29.0518861878013,36.4005415089979,2.95974032229645,0.0440880652810297,7982.7825937324,101.717806989219,1375.05749284208,22.1683436427946,42.15,0.1,4.84986433625763,26.0526663462321,31.8593099251263,68.0618989523072,31.2073338826497,3.43300333333333,25,2.95425666666667,7.85736333333333,0.147107,-0.3322865,0.371638433333333,-0.575269,-0.2580393,11.7333333333333,0.0692,67.2,24.3666666666667,422.310445446874,94.6666666666667,1.56666666666667,20.7190074920654,25.2706666666667,30360,1979807.29023778,65.2110438154737,28.1701052951705,-29.625290493692,7881.06478674318,-0.000112674203862639,-0.000182064454952135,-0.0000432839527731432,-0.0000432022119818708,-0.000436467312493305,0.000350062888529563,"neg","neg","yes","neg","pos","no",NA,NA
"Liberia",24.2009812561807,38.9283845630309,4.5083370002157,0.027954105176626,6834.0808744356,11.2471405274927,291.126378149534,11.3077904109458,36.9,4.8,7.53662750719388,2.2396666208903,16.0760768532083,69.841154609122,2.19733333587647,2.49248,11.0159817351598,2.78132,52.15048,-0.610480366666667,-1.233944,-0.460124033333333,-1.06637566666667,-0.925289066666667,32.8333333333333,0.0231,69.35,2.1,328.029300211911,75.6666666666667,0.8,5.94860493342082,48.1963333333333,111370,4138709.30458358,37.1617967548135,-9.41083615437112,6.43161986225299,6822.83373390811,-0.000116516848046473,-0.000230382367038347,-0.00000265132905459859,-0.000168976387075199,-0.000541519003267154,0.000203566229116755,"neg","neg","yes","neg","pos","no",NA,NA
"Lithuania",1.84513468971662,2.34541706268545,1.59516179145636,0.177230369015316,3695.48333544066,472.670304209231,8133.90849863067,162.636797954088,25.3666666666667,0.733333333333333,2.84649067251989,15.5229997634888,90.0872614110958,94.714914080758,13.0023333231608,8.31658,20.919434665034,8.40480666666667,0.39851,0.365943966666667,0.760153933333333,0.7242236,1.00580703333333,0.802578766666667,2.5,3.85886666666667,100,0.1,0,93.3333333333333,7.33333333333333,100,66.7873333333333,65300,3052208.67668408,46.7413273611651,23.8806402758435,55.2843194847661,3222.81303123143,-0.0000992737178271294,-0.00013907519948663,-0.0000594722361676292,-0.000132014199551077,-0.000401755161870687,0.000137726762768533,"neg","neg","yes","neg","pos","no",NA,NA
"Madagascar",23.4199514173553,33.9836284462893,4.78296318029027,0.0229179181408448,360.685690490709,2.53024156630034,62.6146615900734,0.89778358289363,33.9,38.3,8.14790218806054,2.29933341344198,8.25913661232679,47.2535946289337,2.75999995072683,2.581615,14.1621129326047,2.65848,50.30033,-0.524388466666667,-1.02705116666667,-0.740020566666667,-0.552568866666667,-0.889591033333333,30.2666666666667,0.160666666666667,47,0.1,50.0515745058313,71,0.2,16.3119922637939,32.5816666666667,587210,21715728.9913638,36.9811975125829,46.6911709147164,-19.3561140778288,358.155448924408,-0.00015432904769389,-0.000215694903179942,-0.0000929631922078375,-0.000265000834041266,-0.000375986485013686,-0.000154015183068847,"neg","neg","yes","neg","neg","yes",NA,NA
"Malawi",25.5880169396868,34.7944525178091,4.64256806047383,0.02810241292949,1658.53238112009,5.48878056353589,70.033662890661,0.608162548140033,36.9,34.3,12.1018928529005,5.91766659418742,24.3001964493674,63.2783258638366,6.93300008773804,1.97168333333333,21.7976396085204,2.11833333333333,30.82981,-0.4585771,-0.4382262,-0.0105677,-0.659436866666667,-0.166447066666667,17.1333333333333,0.019,71.4,10.4333333333333,354.269688878353,95.3333333333333,1.3,7.9,15.676,118480,14704310.2911136,124.10795316605,34.1936053269224,-13.1728349923419,1653.04360055655,-0.000154480595414853,-0.000227910377170912,-0.0000810508136587937,-0.000174215060764267,-0.000502733950425779,0.000154303828897244,"neg","neg","yes","neg","pos","no",NA,NA
"Malaysia",3.6450613931017,2.84044221241165,2.15006975997039,0.0514598845476545,211.175570644475,18.2121171922311,797.539371331352,9.48359966372536,33.2,0,2.15363143402515,3.1133333047231,99.022846667158,96.9037807432008,3.30299997329712,4.88883666666667,10.2414631826396,4.72582,11.4120166666667,0.118796333333333,1.02051506666667,0.0718498333333333,0.580498333333333,0.4739611,3.03333333333333,1.2596,98.63,0.4,3.73431328465229,96.3333333333333,1.83,99.5521916707357,71.5986666666667,330800,28504568.8920589,86.1685879445552,109.69814844863,3.72558842577372,192.963453452244,-0.000101482478193075,-0.000154115278381699,-0.0000488496780044502,-0.000190238359247447,-0.000299402133736086,-0.0000810745847588071,"neg","neg","yes","neg","neg","yes",NA,NA
"Mali",40.1651454268265,76.2830541698173,6.51117735603629,0.0303444114043971,1000.08412845745,2.57138606378674,108.329538087226,1.81870205340781,26.4,4.6,3.12923310987879,7.35533332824707,30.1945062168129,68.0428390084264,9.25466664632163,1.950935,10.2040816326531,2.39562,50.30033,-0.713959666666667,-0.894476033333333,-0.975202633333333,-0.434095833333333,-0.5407255,8.4,0.1043,28.1,1.4,407.995653333686,68,0.1,25.9961107889811,36.799,1240190,16430213.0521336,13.2481418590164,-3.54329433945334,17.2677720617007,997.512742393665,-0.000118450035589197,-0.00020760269030975,-0.0000292973808686432,-0.000232465878018543,-0.000660680233034893,0.000195748476997808,"neg","neg","yes","neg","pos","no",NA,NA
"Mauritania",24.5939498684477,19.5617889619983,4.47428595338366,0.0369953278194343,4930.04240491797,18.8465321034566,1014.4560028605,19.1587815843214,37.0333333333333,10.6,5.62409591407221,9.85099983215332,34.5322901168182,59.603387883485,12.4729998906453,1.51685333333333,22.1052631578947,1.65477666666667,28.23377,-0.7086847,-0.943283666666667,-1.127947,-0.748732433333333,-0.907422533333333,7.23333333333333,0.1565,65.1,0.333333333333333,38.2758775060776,73,1.56666666666667,34.1358172098796,47.4936666666667,1030700,3400331.74361633,3.29905088155266,-10.326396925235,20.2092672063538,4911.19587281452,-0.000120262300170463,-0.000198220775984208,-0.0000423038243567185,-0.000204805330945411,-0.000426780517688601,0.0000171698557977788,"neg","neg","yes","neg","pos","no",NA,NA
"Mexico",7.61337324945457,7.16747307682478,2.30245509380016,0.0628261509049448,50.9529797906882,4.3682598620191,142.470682384036,3.54604507868584,38,1.4,3.89187176118735,5.1200000445048,85.8004215138939,96.2918306459897,5.06300004323324,5.59663666666667,29.7333333333333,5.42156,7.08594333333333,-0.391830966666667,0.2709747,-0.685562066666667,0.336585966666667,-0.544711233333333,4.56666666666667,2.14946666666667,96.84,0.3,0.433311354371364,97,1.56666666666667,99.1988975600586,78.1103333333333,1964380,115667710.917804,58.8825537410297,-102.576349523987,23.9353719022448,46.5847199286691,-0.0000862124316188671,-0.000186555812168295,0.0000141309489305607,-0.000130693232351589,-0.000269833054823537,0.00000844659012035881,"neg","pos","no","neg","pos","no",NA,NA
"Mongolia",9.49852927624518,8.10866972278385,3.05693786699336,0.0364957911228454,22842.2805961857,106.023249623186,3381.14058326368,41.1021603036212,26.1666666666667,0.1,10.9292521246733,5.07433327039083,56.0539580477875,77.7736968605109,4.60833334922791,5.49899,7.58653390232339,5.31022,12.07152,-0.654122266666667,-0.5979517,0.558238666666667,-0.223119533333333,-0.3342394,18.8,2.889,98.4,0.1,0,98,6.51666666666667,76.6713679266471,67.8533333333333,1564120,2890282.24228377,1.84786476886925,102.946406208466,46.8236811262636,22736.2573465625,-0.000122375151577332,-0.000178066655088622,-0.0000666836480660421,-0.000189309442597849,-0.000311794391247954,-0.000066824493947744,"neg","neg","yes","neg","neg","yes",NA,NA
"Morocco",11.5153931638846,7.46824048006147,2.7340292766837,0.0551268410861762,564.650756083007,5.16861071554958,205.955369765202,6.343975759924,22.9,1.46666666666667,1.06253490390345,8.99666659037272,82.6482382369002,78.9542992426418,9.88799985249836,3.67716666666667,14.7951963648166,3.97968666666667,19.03235,-0.347495333333333,-0.10499,-0.415242966666667,-0.0936928666666667,-0.202900133333333,5.26666666666667,0.62,73.85,0.1,0,99,0.966666666666667,92.9921366373698,58.5803333333333,446550,33785994.3226998,75.6600477498597,-8.42047954454969,29.8853946983021,559.482145367457,-0.00010157158901966,-0.00022847744198947,0.00002533426395015,-0.0000908739901130659,-0.000430571322281835,0.000248823342055703,"neg","pos","no","neg","pos","no",NA,NA
"Mozambique",26.3178176330251,43.8493998763574,5.57619771894004,0.0264832625540178,623.787243523068,2.05537785714097,41.6790098726514,0.176388400938547,30.1,17.8,8.73153411862307,3.3086667060852,22.0387524540649,42.2780514648363,3.14966662724813,1.23372666666667,39.2,1.35653333333333,37.26389,-0.502057566666667,-0.6173599,0.3723213,-0.425964333333333,-0.541607,22.4333333333333,0.0519,54.3,12.0333333333333,390.037101847934,77.6666666666667,0.7,19.0003716786702,32.3373333333333,799380,23647351.8926464,29.5821160057124,35.4726159786443,-17.2304489756597,621.731865665927,-0.000157713638181818,-0.00020801928130512,-0.000107407995058517,-0.000269292542275844,-0.000555875622761143,0.0000172905382094554,"neg","neg","yes","neg","pos","no",NA,NA
"Myanmar",21.5247241849416,20.2021769112674,2.68886151369502,0.0538339634577122,280.952080399833,1.24425390242065,82.0175800379913,1.45983144586552,36.3,4.4,4.73580844389673,0.787000020345052,66.6259915691492,70.81640988204,0.897000014781952,2.95738,4.6237549745612,2.89298,39.99784,-1.44099266666667,-1.56537533333333,-1.113567,-2.06047233333333,-1.44696666666667,13,0.551066666666667,70.6,0.8,57.4453586615523,86,0.9,51.650001780192,29.0753333333333,676590,51109177.9665861,75.539363523827,96.5058409420616,21.0169998737738,279.707826497412,-0.000121317133807186,-0.000177207469324218,-0.0000654267982901541,-0.000219851033391114,-0.000363943540954527,-0.0000757585258277023,"neg","neg","yes","neg","neg","yes",NA,NA
"Namibia",16.4702883300483,19.1967864505779,3.38408715767662,0.0424397676035394,8838.76812306995,206.042272812817,4203.32656099033,42.4881454435156,37.0333333333333,4.4,5.53417094353345,19.4019997914632,32.506644686199,80.4939284063696,21.4539998372396,3.275995,24.3589743589744,3.580935,7.45596,0.328285633333333,0.0862809666666667,0.912233933333333,0.0689095666666667,0.179775366666667,26.2666666666667,0.374,34.1,12.7,2.34627293486289,83,2.1,46.4234962463379,42.6486666666667,824290,2144341.42421542,2.60144054181832,17.1561681261941,-22.0997769317311,8632.72585025713,-0.000145927703495758,-0.000190969314531048,-0.000100886092460468,-0.0000609615634047292,-0.000486811246926091,0.000364888120116632,"neg","neg","yes","neg","pos","no",NA,NA
"Nepal",19.4717187798397,10.5119874511246,2.52595359894937,0.0491492462328701,455.730215227177,1.74627362784705,75.7305866630631,2.19554947744279,26.4,3,9.33779645742825,1.51933332284292,43.7518638637286,85.9110000570181,1.27799999713898,4.27558,33.1649831649832,4.28906666666667,22.96438,-0.761474666666667,-0.919599833333333,-1.460549,-0.75552,-0.858102733333333,8.46666666666667,0.5159,36,0.2,3.08037055385635,88,0.3,72.7838022867839,17.1113333333333,147180,27992587.0102063,190.192872742263,84.0131736769253,28.2394400190494,453.98394159933,-0.000166140019027552,-0.000240225005892755,-0.0000920550321623498,-0.000251310025531859,-0.000307777526759293,-0.000194842524304425,"neg","neg","yes","neg","neg","yes",NA,NA
"Netherlands",2.39724646161497,1.35421603427057,1.72973296418848,0.157802245289921,1341.00982654013,205.337814278206,2830.12022775607,30.0970559695366,22.5333333333333,0.0333333333333333,2.02397450866555,5.26233339309692,97.7906575008633,100.000000727081,5.73199987411499,7.47186666666667,40,7.53826,1.14644333333333,2.12732066666667,1.77722166666667,1.08061536666667,1.76526166666667,1.83421966666667,2.5,3.1074,99.7666666666667,0.2,0.707341419543798,97,8.6,100,87.867,41540,16661295.7288486,401.090412345897,5.5122171009654,52.2987003744418,1135.67201226193,-0.000137257454848847,-0.000264912102560399,-0.00000960280713729452,-0.000122896958302495,-0.000295511462572584,0.0000497175459675946,"neg","neg","yes","neg","pos","no",NA,NA
"New Zealand",2.49762902181428,2.09676388690032,2.14942693030876,0.133542969898391,3262.09315214334,627.889205385945,7522.02342130599,89.0520686504135,42.8666666666667,0,2.46328123932083,6.65966685612996,100.000000455376,100.000000455376,7.0286668141683,8.48513333333333,32.6897890981349,8.29079333333333,2.65579,2.317255,1.83175566666667,1.324862,1.87939066666667,1.88810733333333,2.5,3.14486666666667,96.45,0.1,0.0228223411157517,93.6666666666667,2.3,100,86.1403333333333,267710,4298625.55271044,16.0570227212672,172.701925944056,-41.6625787571587,2634.2039467574,-0.0000923103754074406,-0.000122811344963892,-0.0000618094058509888,-0.000178444861882628,-0.000356729933640648,-0.000000159790124607624,"neg","neg","yes","neg","neg","yes",NA,NA
"Nicaragua",6.78241465945884,8.07686227132719,2.51490137126418,0.0434627100099468,3654.26013891856,51.9035714717739,768.421112835352,21.6567138260692,42,5.2,6.91035759108492,6.4950000445048,69.3959054082455,81.3523263228979,7.24166679382324,3.92863,33.695652173913,3.7127,12.30268,-0.751331,-0.9195188,-0.372740866666667,-0.306426833333333,-0.761879533333333,19.1,0.800666666666667,81,0.2,0.465988934927745,98,0.933333333333333,78.6645736694336,57.113,130370,5819069.81752509,44.635037336236,-85.0203185008025,12.848190428037,3602.35656744679,-0.000101309494854607,-0.000175254898916665,-0.0000273640907925491,-0.000141274124188269,-0.000327891527875884,0.0000453432794993463,"neg","neg","yes","neg","pos","no",NA,NA
"Niger",27.1151313492443,80.4435298267229,7.75180270777996,0.0229080876495744,502.770249870494,1.50332378723293,49.3983874221238,1.75313751650519,26.4,14.2,1.40051601379169,0.42833333214124,11.0204167248209,45.5243968361335,0.34933332602183,0.794676666666667,13.2743362831858,0.97965,79.05718,-0.6475147,-0.654830833333333,-1.0622935,-0.5476095,-0.506805666666667,26.2666666666667,0.019,29.3,0.366666666666667,428.009176996872,72,0.5,13.8060821533203,16.2163333333333,1267000,17142448.1364441,13.5299511731998,9.32442709985792,17.3455528147455,501.266926083261,-0.000132335613852952,-0.000230131609788167,-0.000034539617917738,-0.000300070078684824,-0.000566224876641733,-0.0000339152807279147,"neg","neg","yes","neg","neg","yes",NA,NA
"Nigeria",37.1944126963859,67.4647899289203,5.47907458956664,0.0277526271143266,25.7865342084994,0.175870560903294,30.5600313133149,0.747943051785351,26.9,10.6,12.2593370404768,3.75733327865601,34.947820308406,63.1879687655518,3.6593333085378,2.56498333333333,6.82269623610406,2.74693333333333,79.05718,-1.130339,-1.0859299,-2.069884,-0.707025066666667,-1.161939,7.5,0.1836,47.3,1.3,373.066043101162,48,0.5,52.7233016967773,44.364,923770,171944916.303605,186.133903789476,7.99512775408979,9.54831841820996,25.6106636475961,-0.00017257923924804,-0.000239604832446749,-0.00010555364604933,-0.000285767830482748,-0.00051976819757806,-0.0000517674633874368,"neg","neg","yes","neg","neg","yes",NA,NA
"North Macedonia",5.7326288543166,3.15484565686951,1.47346025971586,0.113254768417695,12784.8241898488,286.920892571377,5564.23292318969,129.716864164827,26.8333333333333,4.4,2.91026170261666,31.4710006713867,94.5460125169258,94.7182433592625,31.1210009256999,6.502105,31.9715447154471,6.583505,0.869583333333333,-0.0709178666666667,-0.0892651,-0.543043466666667,0.331013266666667,-0.240564166666667,3.6,2.72533333333333,97,0.1,0.000767181719593987,95.3333333333333,4.5,100,57.102,25710,2121940.76463978,82.5336742372532,21.6979033752808,41.6059296471401,12497.9032972775,-0.000117418015448342,-0.000199596521512805,-0.0000352395093838801,-0.0000545196249021161,-0.000419726745701334,0.000310687495897102,"neg","neg","yes","neg","pos","no",NA,NA
"Norway",1.4346826699076,1.11353057421863,1.87628489585993,0.152249081104795,5800.76059106638,1031.73611388742,13201.3270031686,171.259877873543,20.8,0.1,1.46690736479995,3.28633324305217,98.0615690160011,100.000000015673,2.85633333524068,6.68056666666667,39.6449704142012,6.73752666666667,0.623476666666667,2.16364866666667,1.87520466666667,1.33258633333333,1.556717,1.90990866666667,2.5,2.53073333333333,99.1666666666667,0.2,2.34017204472348,94,4.16666666666667,100,79.477,385178.0078125,4927570.58932511,12.7929697162871,15.4681199552068,69.1568563097536,4769.02447717896,-0.000103171763996438,-0.000189452031358781,-0.0000168914966340958,-0.00018518552166597,-0.000306100947056922,-0.0000642700962750179,"neg","neg","yes","neg","neg","yes",NA,NA
"Oman",5.5629333192566,5.21013023591623,2.87913924626132,0.0221221870121065,4539.80562835633,343.4696579641,12169.7374887444,32.3868637308695,42.4333333333333,0.733333333333333,3.41550107150742,4.72433344523112,97.9811844726059,85.790152335044,11.3240000406901,5.86818,0.793650793650793,5.909005,8.0774,0.2151808,0.2978719,0.494919766666667,0.413259466666667,0.511554633333333,8.33333333333333,1.96356666666667,98.6,0.1,0.000767181719593987,98.6666666666667,1.76666666666667,100,76.3026666666667,309500,3203841.83725868,10.3516699103673,56.0986728199754,20.6111743742295,4196.33597039223,-0.000106035987582275,-0.000156261807583904,-0.0000558101675806466,-0.000184941769122445,-0.000405666802774537,0.0000357832645296483,"neg","neg","yes","neg","pos","no",NA,NA
"Pakistan",42.2869841984853,22.1251729319426,4.67107120155692,0.0321882097601233,27.2054237950619,0.23340041916999,23.1804692753039,0.351087505109856,26.3,1.15,11.5124383785578,1.04966668287913,50.6444245060376,89.4862435438315,1.00166668494542,2.02503666666667,22.4171539961013,2.3686,57.94104,-1.07553566666667,-0.787230933333333,-2.72099066666667,-0.649336266666667,-0.841604033333333,17.3333333333333,0.832566666666667,47,0.1,9.24860765147109,59.6666666666667,0.6,91.360187886556,35.2023333333333,796100,187510758.314999,235.536689253861,69.4139980631813,29.9734600255474,26.9720233758919,-0.000152320250419855,-0.0001977383928858,-0.00010690210795391,-0.000269062914663562,-0.000357849932208194,-0.000180275897118931,"neg","neg","yes","neg","neg","yes",NA,NA
"Panama",6.55949252371618,8.19324287931232,2.53968114148074,0.0743890341245237,1656.87835205523,275.899255975301,5188.10159707452,116.340275351489,39.6666666666667,1.16666666666667,5.02176358487855,2.8050000667572,75.6081632570039,93.6679906845248,3.617666721344,4.413935,8.45070422535211,4.27191,11.48416,-0.331928133333333,0.169356566666667,-0.107899933333333,0.394553766666667,-0.0822411666666667,10.4666666666667,1.50043333333333,93.5,0.4,0.157343984713734,88.6666666666667,2.3,88.654839070638,65.4393333333333,75420,3559422.5080006,47.1946765844683,-80.1091648354938,8.53001938886465,1380.97909607993,-0.000105414776424859,-0.000157439560898833,-0.0000533899919508854,-0.000129871998689171,-0.000358846443597087,0.0000991024462187453,"neg","neg","yes","neg","pos","no",NA,NA
"Papua New Guinea",19.8150792314701,33.7179818720097,4.50816469228598,0.0269619942676711,1223.85847206585,10.2518495391338,408.929662308063,1.00562410693297,39.8,33,4.99721600921268,2.41733336448669,16.5457298930534,37.8644316376004,1.40599997838338,1.98165,1.51252169600793,2.3202,37.26389,-1.00163766666667,-0.723442233333333,-0.717854533333333,-0.529067733333333,-0.8503508,14,0.0514,47.3,0.7,159.83167877248,56.6666666666667,1.4,19.5736287434896,13.0003333333333,462840,7814355.5457355,16.8834922343261,145.317574627822,-6.45164451463034,1213.60662252672,-0.000135529942423394,-0.000205699219887372,-0.0000653606649594157,-0.000264347199341683,-0.000449694456591781,-0.0000789999420915846,"neg","neg","yes","neg","neg","yes",NA,NA
"Paraguay",5.93307909112139,8.4226163494224,2.54392880379318,0.0558370713268965,1140.85802320171,58.437131635939,1602.5423252664,48.6995953441344,39.6,1.3,5.52701667480362,4.44099998474121,83.3216165449361,91.8652912292105,5.98799991607666,4.44072666666667,12.5,4.29789666666667,12.5248033333333,-0.767439433333333,-0.888781766666667,-0.799787,-0.349507466666667,-0.848787733333333,8.1,1.2774,95.7,0.5,0.028137043569234,91.3333333333333,1.3,97.8343453333333,59.584,406751.9921875,6195153.37234858,15.2307880264611,-58.3873878335057,-23.2480419462921,1082.42089156577,-0.000107827632953657,-0.000193583198006744,-0.0000220720679005704,-0.0000866903184911071,-0.000409690255901332,0.000236309618919117,"neg","neg","yes","neg","pos","no",NA,NA
"Peru",7.88185570631225,7.77198551307865,2.65662804124067,0.06950471498712,121.624608625764,12.9420395892825,372.291936352779,6.8569664721058,33.6666666666667,1.46666666666667,2.85111353949255,3.34299993515014,71.2563518475838,87.8029946863189,3.63966663678487,4.67664333333333,23.525641025641,4.66176,2.35459,-0.273073266666667,-0.164425,-0.889343266666667,0.468617,-0.571272466666667,7,1.03055,85.1666666666667,0.3,3.16649573001096,93,1.5,89.6433533333333,76.617,1285220,29435253.7281751,22.9028911222787,-74.3918058168472,-9.19156290513455,108.682569036482,-0.0000576322191404088,-0.00018309023707822,0.0000678257987974029,-0.000115582657819644,-0.000280218395986676,0.0000490530803473886,"neg","pos","no","neg","pos","no",NA,NA
"Philippines",10.5074208958463,12.4913844803508,3.36336176132711,0.0425856042344778,19.4020763017976,1.13818893696431,61.0501395152434,1.55742359618421,36.3,2.3,3.84507243546935,3.56699999173482,69.8053176601404,90.599932344594,3.78399999936422,3.12434666666667,22.6391683433937,3.10252,19.03235,-0.663489166666667,0.0666838,-1.410394,-0.174089666666667,-0.5289328,13.2666666666667,1.2717,72.2,0.1,0.582675062122409,84.6666666666667,0.75,85.1766255696615,45.522,300000,98300827.2060068,327.669424020023,122.902672369887,11.7637993622977,18.2638873648333,-0.000134939419790714,-0.000192205882986902,-0.0000776729565945259,-0.000210690985612376,-0.000286872158255368,-0.000134509812969384,"neg","neg","yes","neg","neg","yes",NA,NA
"Poland",2.22235611850315,1.78921486039133,1.32503074629034,0.137351640248507,308.496209499894,33.7732981272302,619.897741753526,9.33104124508425,25.5333333333333,0.1,3.4601555719309,9.78566678365072,94.955331955294,97.7017806641812,10.4413334528605,5.70961666666667,22.463768115942,5.72154666666667,7.40368666666667,0.5724453,0.645776066666667,1.04629066666667,0.956530833333333,0.743386733333333,2.5,2.1982,99.8,0.2,0.157343984713734,99,6.5,100,60.7753333333333,312680,38411311.5790932,122.845438080764,19.3110143084487,52.1482602193319,274.722911372663,-0.000126749994969707,-0.000284349127189449,0.0000308491372500337,-0.000137276509898828,-0.000243315792350166,-0.0000312372274474909,"neg","pos","no","neg","neg","yes",NA,NA
"Portugal",1.67569120044863,1.29144640355771,1.25974364141293,0.188323362806679,1341.07043849019,176.776384780717,2446.12515622663,64.4367091707,28.2666666666667,0.233333333333333,2.60964081459226,12.9913336435954,98.9222353173836,99.6841165228174,13.4673334757487,6.49000333333333,28.2608695652174,6.44107,0.623476666666667,1.0545243,0.9974857,0.744899633333333,0.724246166666667,1.04865233333333,2.5,4.10983333333333,99.8666666666667,0.1,0,97.6666666666667,3.4,100,61.1656666666667,92210,10791864.6866133,117.035730252829,-8.05576558829569,39.6340497749782,1164.29405370948,-0.00011880116800667,-0.000217580896379453,-0.0000200214396338871,-0.00010789847885906,-0.000283289724662109,0.0000674927669439881,"neg","neg","yes","neg","pos","no",NA,NA
"Qatar",4.28749430492456,3.8444167751462,2.15585920678387,0.00727283626341008,18119.6251410512,1140.26486747268,60915.2886759712,115.905626248529,39.6666666666667,0.866666666666667,0.342819339330503,0.496666659911474,100,99.9383002766089,3.01733326911927,6.10328,0,6.29675,6.43692,1.15849866666667,0.845403633333333,1.184062,0.6334773,0.8559288,2.5,3.7273,100,0.1,0.0593583547886295,94,1.2,100,98.6,11610,1919892.2257004,165.365394117175,51.1835025789133,25.3218509742067,16979.3602735785,-0.0000903374626836733,-0.000154895362505032,-0.0000257795628623144,-0.000173663041423599,-0.000352886737289968,0.00000556065444277045,"neg","neg","yes","neg","pos","no",NA,NA
"Romania",4.04790998693394,4.29671951000946,1.45685089653174,0.159010609835702,437.465060028874,51.1633408136356,928.405381380393,9.82399844529337,25.1333333333333,1.73333333333333,5.07186421703739,6.97666676839193,79.8424452632396,100,6.2400000890096,7.91658333333333,11.9796270947367,7.96111,5.43603333333333,-0.234393066666667,-0.3021533,0.180677566666667,0.6185995,0.0490992333333333,2.5,2.52813333333333,98.8333333333333,0.1,10.9988607159861,91.3333333333333,6.2,100,53.921,238390,20527974.4042736,86.1108872195711,24.9432524946354,45.857101035738,386.301719215239,-0.000151272642494358,-0.00027070761757293,-0.0000318376674157866,-0.000164368229612809,-0.000406655206509041,0.0000779187472834221,"neg","neg","yes","neg","pos","no",NA,NA
"Russian Federation",3.02406575584962,3.75262910860497,1.6303772044203,0.12460228649449,61.6386761100772,5.24642623263842,176.207750257276,2.9124254000477,31.3,0,6.78820005662246,6.44699986775716,87.9677977473145,96.3162575739643,5.99666659037272,6.665035,13.7037037037037,6.72374,7.40368666666667,-1.06596166666667,-0.453350466666667,-0.9151445,-0.346864833333333,-0.769710133333333,2.5,4.3846,99.3666666666667,0.1,0,97,8.6,100,73.7366666666667,17098250,145477992.773456,8.50835569566802,96.803318182901,61.9616634949229,56.3922498774388,-0.00016746831178801,-0.000292241462718896,-0.0000426951608571237,-0.000217869449672479,-0.000335413788374025,-0.000100325110970933,"neg","neg","yes","neg","neg","yes",NA,NA
"Rwanda",20.3607992470183,27.2240049334516,4.19617335361494,0.0269630617214843,2301.72264540472,9.34280602671488,142.354100327054,1.03014331073866,39.8,25.5,4.37030008334973,1.10400001207987,59.4642753300911,53.4435389565793,1.09233335653941,2.15157333333333,56.25,2.11025666666667,52.84251,0.423064233333333,-0.0107137666666667,-0.226608966666667,-0.146976333333333,-0.305463166666667,22.9333333333333,0.03395,69,3.16666666666667,79.0196024418028,97.3333333333333,6.3,12.1899255116781,16.9383333333333,26340,10599022.589628,402.392657161274,29.9189639222429,-2.01351446583413,2292.37983937801,-0.000112206870649285,-0.000187549068737301,-0.0000368646725612679,-0.000136775156497319,-0.000467565963798536,0.000194015650803898,"neg","neg","yes","neg","pos","no",NA,NA
"Saudi Arabia",2.73832571247902,3.24744425218253,2.01269842282361,0.0231926935339071,631.948715545506,63.6013272425509,1699.45317383049,10.3534564726157,45.2,0,4.67730058988743,5.61333338419596,99.372884987204,98.980056389947,19.2080001831055,7.23908333333333,0,6.75376666666667,11.4120166666667,-0.1010312,-0.0916486333333333,-0.390738266666667,0.0975014333333333,0.1184847,5.63333333333333,2.44036666666667,97,0.1,0.0262614034942297,98,2.13333333333333,100,82.302,2149690,28854068.3362821,13.4224322280338,44.5163637682648,24.1232898391053,568.347388302955,-0.000101641890098889,-0.000215106139909939,0.0000118223597121611,-0.000123816986411717,-0.000333930701029727,0.000086296728206293,"neg","pos","no","neg","pos","no",NA,NA
"Senegal",25.6470790962751,24.9790857017669,4.78541561720372,0.035353125972481,1034.42460340675,3.92758331001108,213.409068581471,4.76145217698128,31,13.1,2.01671273546053,10.0439999898275,47.2234364065302,73.3345074670618,13.3086668650309,2.73829333333333,29.3333333333334,2.86947333333333,52.15048,-0.463646766666667,-0.514157333333333,-0.268949733333333,-0.191288333333333,-0.3814509,9.53333333333333,0.059,65.1,0.533333333333333,55.3668630526813,90.6666666666667,0.7,55.9377288818359,44.188,196710,12794243.8775818,65.0411462436163,-14.5098027858594,14.354139988452,1030.49702009674,-0.0000695781573247009,-0.000139948599420836,0.000000792284771434192,-0.000182306362709195,-0.000467961023614575,0.000103348298196186,"neg","pos","no","neg","pos","no",NA,NA
"Serbia",2.52016310110779,1.77205163382412,1.42692492841244,0.155778939248755,5992.6909717124,88.2715681863657,1547.8435368503,51.156275524548,28.7,2.9,8.20344571088391,22.0613333384196,96.7619935357009,89.3140793030104,22.9583326975505,7.56983,25.6,7.48163,1.19412666666667,-0.2992578,-0.0792324666666667,-0.307307766666667,-0.0201593333333333,-0.3396898,2.6,2.4928,99.2333333333333,0.1,0.00050097364227376,92,5.63333333333333,99.7593176837359,55.188,88360,8984834.54044452,101.684410824406,20.8196519263826,44.2330365336516,5904.41940352604,-0.000140780065416484,-0.000213565547002018,-0.0000679945838309501,-0.0000222161075294863,-0.000385827898614613,0.00034139568355564,"neg","neg","yes","neg","pos","no",NA,NA
"Sierra Leone",29.0537445235177,74.0445013565332,4.9107280765666,0.0320893997695763,3652.76269142916,13.0089499796699,211.201420923319,16.3700654312087,26.9,17.8,6.85669673042835,4.29700009028117,13.5464322254249,53.2249688063669,3.44433331489563,2.23722,12.8410201723985,2.50473,52.15048,-0.856264533333333,-1.21119933333333,-0.2283452,-0.7159128,-0.8804466,36.0666666666667,0.02315,60.8,1.6,453.285396364947,88.6666666666667,0.6,13.6122998532512,39.2486666666667,72300,6566561.61201817,90.8238120611089,-11.7952574285599,8.53035372615305,3639.75374144949,-0.000134990599062784,-0.000201444244213589,-0.0000685369539119789,-0.000251298440829481,-0.000567837861022791,0.0000652409793638297,"neg","neg","yes","neg","pos","no",NA,NA
"Slovenia",1.30153405660348,0.778111458658012,1.56861604726431,0.167720801373588,7396.83411750944,1003.95669331338,14082.6193163338,153.674063896498,20.8666666666667,0,2.06714526706018,8.08066685994466,99.1088802603738,99.5514878446157,8.1870002746582,6.86726666666667,26.2962962962963,6.8771,1.87035333333333,0.9038071,1.0158675,0.923609733333333,0.696388233333333,1.025415,2.5,2.49126666666667,99.8666666666667,0.1,0.0228223411157517,96,4.56666666666667,100,52.883,20270,2047430.70395,101.007928167242,14.9381523207957,46.1254220590104,6392.87742419606,-0.0000965878093386272,-0.000137432450119168,-0.0000557431685580868,-0.000157402434582796,-0.000406759301407596,0.0000919544322420037,"neg","neg","yes","neg","pos","no",NA,NA
"South Africa",20.3709249926562,16.6211875442393,2.38945798574888,0.0531769238729401,168.253765082572,11.1535840497218,240.47660958459,1.51406654603138,51.3,4.8,4.9348801226058,24.6926670074463,70.0553030269659,90.0884286144351,27.1219997406006,4.95209666666667,43,4.81244,6.56115666666667,0.0258736333333333,0.3810411,-0.0102607,0.3839796,0.134686166666667,3.6,0.7258,85.1666666666667,18.5,1.57469022276669,74.3333333333333,1.3,84.3,62.7453333333333,1219090,51243435.1845763,42.0341690806883,25.0480138798617,-28.9470332599791,157.10018103285,-0.000127763229763241,-0.000220132637978354,-0.0000353938215481277,0.0000415353626410869,-0.000349472078417126,0.0004325428036993,"neg","neg","yes","neg","pos","no",NA,NA
"Spain",1.65787596749955,1.43446464399074,1.30346679405624,0.171219406886886,339.277082916629,51.5697879338925,677.4362342353,14.0365004591793,25.9,0.666666666666667,2.48067597603918,22.0123335520426,99.9039512634626,99.9953911550708,22.35733350118,6.99260666666667,36.1904761904762,6.96687,4.76394,1.105568,1.04757193333333,-0.108818533333333,1.05971983333333,1.15060766666667,2.5,3.07203333333333,96.45,0.4,0.00866203361723376,97,3.1,100,78.6723333333333,505713.333333333,47100615.9072636,93.1369865152793,-3.61702060238737,40.3486561062267,287.707294982736,-0.00013908635915297,-0.000338869791948108,0.0000606970736421676,0.000101257839929334,-0.000180664316497348,0.000383179996356017,"neg","pos","no","neg","pos","no",NA,NA
"Sri Lanka",4.51670305939681,3.41570024257111,2.14761168168844,0.075081779868869,365.854814627437,10.1865978369743,487.900604452818,8.62438175353024,32.2,0.3,6.82577702044198,4.26066668828329,91.7094517032813,85.9442864330344,6.89733330408732,7.95543,5.62962962962963,7.8535,6.79521666666667,-0.350469166666667,-0.1713234,-0.7949325,-0.1480072,-0.122054666666667,9.66666666666667,0.7425,73.6,0.1,0.0593583547886295,99,3.55,87.2894651285807,18.211,65610,20674997.4018994,315.119606796211,80.6672357493165,7.7005344172481,355.668216790462,-0.000157781110950852,-0.00022851437758462,-0.0000870478443170853,-0.000193800789226608,-0.000372512754247976,-0.0000150888242052401,"neg","neg","yes","neg","neg","yes",NA,NA
"Sudan",21.8888314701541,21.6364640350276,4.69168937660168,0.0322870680852484,245.45598139345,2.01655935222304,110.800229873019,4.12535785600508,51.3,10.7,22.300356225944,16.6973333358765,29.5767837892534,53.2791016320799,29.0166664123535,1.93723333333333,24.9043601631578,2.05116333333333,55.23483,-1.28451466666667,-1.380039,-2.48291933333333,-1.38336066666667,-1.27140133333333,21,0.28,72.4,0.2,30.2646840059623,91.6666666666667,0.766666666666667,35.9680519104004,33.214,1141749.32291667,34294762.5082271,39.3713288456901,29.8626040122579,15.9905850031167,243.439422041227,-0.000155370534767596,-0.000220206210460176,-0.0000905348590750168,-0.000183752386791704,-0.000411815671561528,0.0000443108979781208,"neg","neg","yes","neg","pos","no",NA,NA
"Sweden",1.43011509120988,1.18753942183126,1.89644683369795,0.189500725282448,2503.02594099815,464.57905163426,4686.24989810261,78.8737768736334,21.6666666666667,0.366666666666667,1.66917209076713,8.12999979654948,99.3086872667381,99.9999987206453,7.99833329518636,5.81976333333333,44.7946513849092,5.85025666666667,7.24728666666667,2.261471,1.975429,1.16515166666667,1.821772,1.949243,2.5,3.9572,96.9333333333333,0.1,0.000767181719593987,98,2.66666666666667,100,85.3243333333333,449340,9508058.58517244,21.1600538237692,16.596265846848,62.8114849680803,2038.44688936389,-0.0000950430163447753,-0.000147695502685206,-0.0000423905300043446,-0.000173856354736775,-0.000282320181173845,-0.0000653925282997057,"neg","neg","yes","neg","neg","yes",NA,NA
"Switzerland",2.6089455375479,1.10371582240424,1.48488071773015,0.17166502137443,2617.24008384994,283.106558955446,7140.49521178944,227.432877939006,25,0,0.0756747279053576,4.5666667620341,99.893440631895,100.000001039077,4.90566682815552,6.65972666666667,28.8333333333333,6.75376666666667,2.69458,2.08487833333333,1.878601,1.32575733333333,1.63434733333333,1.76920933333333,2.5,3.8541,99.7666666666667,0.2,10.9988607159861,95.6666666666667,4.9,100,73.6303333333333,41290,8052090.63508216,195.01309360819,8.11830061338549,46.7917376836676,2334.13352489449,-0.0000917635135764941,-0.000138481943237559,-0.000045045083915429,-0.000114553663825046,-0.000277023729862337,0.0000479164022122447,"neg","neg","yes","neg","pos","no",NA,NA
"Tajikistan",15.008774266737,17.6923450577598,3.28256189732523,0.0299855815619176,1560.0321941245,8.62433870338857,291.347165856335,11.1427546442258,27,0.0666666666666667,8.22742671465463,11.6196667353312,94.3324636676203,71.9395287985932,10.5243333180745,5.62887666666667,19.047619047619,6.00171333333333,5.594655,-1.26165266666667,-0.932615666666667,-1.099544,-0.998784033333333,-1.21208866666667,8.33333333333333,2.09846666666667,88.0333333333333,0.1,0.0254253417925023,94.3333333333333,4.9,99.399223836263,26.5286666666667,142550,7946884.63127457,55.7480507279872,71.0344350489611,38.5830814642108,1551.40785542111,-0.000147777222095584,-0.000226511352840368,-0.0000690430913508006,-0.000184890432491262,-0.000346274811517449,-0.0000235060534650759,"neg","neg","yes","neg","neg","yes",NA,NA
"Thailand",3.7003758895882,4.311256700406,1.43786386889038,0.0895373045101724,61.8824831775204,7.14240889185632,215.035315338794,1.01678256596464,30.3333333333333,0,3.3570928363945,0.620666662851969,96.2607496910037,98.1050832807171,0.609666665395101,5.20163,14.9730796335448,5.02488333333333,6.79521666666667,-0.3411636,0.2060986,-1.26431766666667,0.2063079,-0.1865681,9.93333333333333,0.3906,99.6,1.43333333333333,2.34017204472348,99,2.1,99.1750129847318,44.6663333333333,513120,68077204.0975283,132.673066919099,101.006133546261,15.0169749914165,54.7400742856641,-0.000145163279306423,-0.000288484827830009,-0.000001841730782836,-0.0000941053565233275,-0.000469970872003871,0.000281760158957216,"neg","neg","yes","neg","pos","no",NA,NA
"Timor-Leste",15.6883650533135,16.665338817173,4.83941201914137,0.0483008566415603,61799.685024021,200.987402974875,8792.82770647768,10.1491202373523,39.6666666666667,9.7,10.6887089036988,3.53566670417786,46.9336925621288,65.9450936274695,4.36566654841105,4.10656333333333,33.3333333333333,4.12713666666667,20.8948866666667,-0.7683884,-1.18627866666667,-0.404899333333333,-1.056574,-1.16250966666667,31.6333333333333,0.0785,29.3,0.1,46.0907180845712,74,5.9,46.5199508666992,28.0796666666667,14870,1131140.65008691,76.0686382035582,125.966300273684,-8.767760362467,61598.6976210461,-0.0000842032214240722,-0.000267281026913381,0.0000988745840652363,0.000270950616873101,-0.0000687948593025405,0.000610696093048742,"neg","pos","no","neg","pos","no",NA,NA
"Togo",25.4539748352773,39.7097978548736,4.66672756846996,0.0270591450484483,1248.80996378207,5.06222071193846,199.705086401242,7.06330736746045,34.5,23.8,2.52888054796891,2.14199999968211,13.6818356450159,58.4269372893874,1.80200000603994,3.275995,11.1111111111111,3.90343,11.48416,-0.989949833333333,-1.35664,-0.242801566666667,-0.9074569,-0.9094674,23.1666666666667,0.2554,43.9,2.73333333333333,323.993075742271,84,0.7,36.6114421290572,38.037,56790,6555054.74491523,115.426214913105,0.996403943670358,8.43954195466962,1243.74774307013,-0.000108510692783375,-0.000229998249621118,0.0000129768640543686,-0.000148712276130899,-0.000512075072516757,0.00021465052025496,"neg","pos","no","neg","pos","no",NA,NA
"Trinidad and Tobago",10.2840624831754,5.36277130863954,1.64382899791815,0.0893491567264862,7859.19759979838,821.926450307688,23582.1865547964,513.832128749336,42.8666666666667,0.266666666666667,8.30553819377572,3.49200002352397,92.8750149352882,96.7636905592769,4.18466671307882,4.88883666666667,28.5714285714286,4.585875,25.71058,-0.146294666666667,0.333968333333333,0.0648449333333333,0.394417733333333,-0.1548206,8.26666666666667,1.81395,99,1.1,1.57469022276669,90.6666666666667,2.4,99.6571477254232,53.844,5130,1352610.5978626,263.666783209084,-61.3303669144497,10.4282370892019,7037.27114949069,-0.000110924482180162,-0.000155344560382511,-0.0000665044039778124,-0.000140981744651105,-0.00038172229322069,0.000099758803918479,"neg","neg","yes","neg","pos","no",NA,NA
"Tunisia",7.0346609377333,4.81588883607815,2.10352373460346,0.0727416705554637,2222.77050723237,41.8725339248203,964.027006557247,26.0977069744422,27,0.4,3.73028412605745,16.3376661936442,86.9932978051065,93.2301979245355,24.0180002848307,6.641955,27.0087715520335,6.370265,4.15020666666667,-0.125091033333333,0.0688727666666667,-0.379678366666667,-0.137074366666667,-0.0666053,3.33333333333333,1.222,73.6,0.1,0.433311354371364,97,2.1,99.5,66.9376666666667,163610,10911122.1985112,66.6898245737497,9.53471612069584,34.1729390368824,2180.89797330755,-0.000132593719337523,-0.000263306259595115,-0.00000188117907992999,0.0000315646911896594,-0.000457110548372983,0.000520239930752302,"neg","neg","yes","neg","pos","no",NA,NA
"Turkey",8.80859470916822,7.10083462801934,1.61344598515165,0.0751143733994374,250.294239465339,11.2326710114962,270.817662182239,1.93200624831203,30.1,0.0333333333333333,7.97663128060079,9.20166651407877,93.3769126343902,98.1309643996064,10.2690003712972,5.77791,12.4903681624993,6.01228666666667,1.37228666666667,0.0770730666666667,0.350710166666667,-1.0319382,0.363032133333333,0.0739133,2.5,1.7204,99.3333333333333,0.9,0,97,2.56666666666667,99.9654795328776,71.4003333333333,785350,75448106.673524,96.0694043083007,35.1169001509384,39.0683719406147,239.061568453843,-0.000170726195806312,-0.000230207855163503,-0.00011124453644912,-0.000130134342327494,-0.000307375181512554,0.0000471064968575655,"neg","neg","yes","neg","pos","no",NA,NA
"Turkmenistan",13.6571284864379,12.3117493673838,3.06406525753446,0.0451754543769905,861.738298801223,49.1559942860073,2659.12546338251,86.7223553203554,20.8666666666667,0,5.41705839475229,4.00466664632161,96.1107314328372,95.3575874881395,2.28200006484985,5.20163,16.8,7.8535,6.56115666666667,-1.502133,-1.47483133333333,0.332107533333333,-2.04008033333333,-1.44894033333333,4.86666666666667,2.2653,99.9,0.1,0,96.6666666666667,7.5,99.9559961954752,48.8303333333333,488100,4636058.19677134,9.49817290877143,59.2754302623614,39.0912401801758,812.582304515216,-0.00011647602774404,-0.000184633139299226,-0.0000483189161888531,-0.000224809200302061,-0.00027985992835152,-0.000169758472252602,"neg","neg","yes","neg","neg","yes",NA,NA
"Uganda",26.1194638456054,33.1977362015446,5.93179570981175,0.0230057696212569,333.473651694379,1.87415102218893,49.7219314492874,1.66032556171954,32.9,10.7,10.5934810246616,3.585666735967,18.2626161695565,40.6647785204781,4.27566655476888,1.23372666666667,33.7455100289265,1.75946333333333,52.84251,-0.9421864,-0.536884933333333,-0.9485421,-0.1895016,-0.368934,14,0.10725,57.4,6.76666666666667,378.273031857048,81.6666666666667,0.5,15.1947783152262,19.9016666666667,241550,33443164.5822718,138.452347680695,32.3575503199869,1.29548550350973,331.59950067219,-0.000160828003600616,-0.00022307600270644,-0.0000985800044947919,-0.00027205246708724,-0.00052958699802154,-0.0000145179361529412,"neg","neg","yes","neg","neg","yes",NA,NA
"Ukraine",4.52084629258068,4.68246321734607,1.43468869336624,0.148808726491718,312.899703676204,5.59056758521551,185.788598791311,5.80986981062978,20.8666666666667,0,5.96579456178004,7.8266666730245,95.8065641228544,94.6198724090563,6.6453332901001,6.49340333333333,8.47940074906367,6.56676333333333,5.51657,-1.05147433333333,-0.730633166666667,-0.0498582333333333,-0.5714562,-0.803110766666667,2.5,3.48606666666667,99.6,0.9,0.00866203361723376,59.3333333333333,9.1,99.9325378471887,68.689,603550,46082533.270356,76.3524700030752,31.2291220702665,49.1488226084035,307.309136090989,-0.000138464087602981,-0.000268031568880819,-0.00000889660632514289,-0.000192750184830411,-0.000372822668806569,-0.0000126777008542532,"neg","neg","yes","neg","neg","yes",NA,NA
"United Arab Emirates",2.65004811919733,2.73798309674808,1.45357528949343,0.00464487791432214,2466.57555088882,194.625173747069,6917.21793399188,39.65905169715,36.9,0,0.805866261413354,2.51266670227051,98.561329926849,95.8510972724822,5.94066651662191,4.44072666666667,19.1666666666667,5.83758,11.4120166666667,1.0457672,1.03427803333333,0.859061666666667,0.4819057,0.4557685,5.46666666666667,1.44436666666667,99.8666666666667,0.3,0,95,1.36666666666667,100,84.4196666666667,83600,8600739.35457095,102.879657351327,54.2067147615963,23.8686336533476,2271.95037714175,-0.0000895844680274945,-0.000163746071538547,-0.0000154228645164417,-0.000172899563558513,-0.000406619198479229,0.0000608200713622021,"neg","neg","yes","neg","pos","no",NA,NA
"United Kingdom",2.48503456698604,1.67168448602434,1.86198403809398,0.163600968289094,273.083412317787,51.2136830742141,589.359127196087,4.74432174339961,25.5666666666667,0.166666666666667,2.97400065601471,7.90300003687541,99.1171896326359,99.9999984690343,7.19799995422363,6.73395666666667,22.2564102564103,6.72138333333333,2.56412666666667,1.63169033333333,1.558274,0.388598833333333,1.67786666666667,1.71115666666667,2.5,2.65116666666667,99.1666666666667,0.3,0.582675062122409,94.6666666666667,2.9,100,81.5696666666667,243610,64060509.931875,262.963383817885,-2.85313539518056,53.9147734805371,221.869729243573,-0.000140932832268281,-0.00025431136795003,-0.0000275542965865315,-0.0000259290554269198,-0.000263893479652094,0.000212035368798255,"neg","neg","yes","neg","pos","no",NA,NA
"Uruguay",4.6384832388729,3.87987283502219,1.97922256243474,0.139703614182293,2514.38366203877,420.573769898166,5572.37473563853,90.1758467249751,31.4666666666667,0.0333333333333333,7.62976891284909,6.63866678873698,95.4021136268566,98.5586365869403,8.62533315022786,6.60092,13.1313131313131,6.29397,12.225845,1.30456333333333,0.540866366666667,0.8304169,0.421961733333333,0.676931033333333,2.5,3.736,99.6,0.1,0.000767181719593987,95,2.23333333333333,99.1695206705729,94.5883333333333,176220,3371852.782835,19.1343365272671,-56.0032786665485,-32.7809043652308,2093.80989214061,-0.000130252591347128,-0.00019201498209895,-0.0000684902005953065,-0.000141970253331177,-0.000356491396889389,0.0000725508902270346,"neg","neg","yes","neg","pos","no",NA,NA
"Uzbekistan",11.283433775371,10.5099588191035,2.67071559257323,0.0326942242181569,235.063150105787,6.19979570869049,162.38314707294,4.70550837816198,22.9,0.433333333333333,-12.2453425825188,5.06333335240682,99.0583620830221,96.4659062314596,4.81300020217896,7.26819666666667,22,7.28573,6.56115666666667,-1.323114,-0.7698157,-0.612965566666667,-1.56380766666667,-1.38400166666667,9.46666666666667,2.4973,100,0.1,0.00050097364227376,99,4.3,99.9948374430338,51.052,447400,29651183.4026819,66.2744376456905,63.2036395282318,41.7486026646522,228.863354397097,-0.000144006264950957,-0.000287526081666811,-0.000000486448235102282,-0.000231483775786189,-0.000299976178425889,-0.000162991373146489,"neg","neg","yes","neg","neg","yes",NA,NA
"Zambia",21.6240779267867,31.0178632031979,5.06258015079039,0.0240130613897002,1116.01795654379,8.5480705576885,245.069841911263,1.67863723718504,45.2,33,7.16901928398432,10.4609999656677,25.4739290139423,56.3997302594994,10.5703331629435,1.51685333333333,12.3142250530785,1.35653333333333,41.13075,-0.395565066666667,-0.662169066666667,0.562029233333333,-0.453952,-0.437291,18.8666666666667,0.1307,89.3,12.4333333333333,188.934509550959,80.6666666666667,2,23.7411034901937,39.8533333333333,752610,14105437.6701931,18.7420279695899,27.7275919187606,-13.3950675535242,1107.4698859861,-0.000126527388313678,-0.000241981745925889,-0.0000110730307014662,-0.000118349683169636,-0.000474515412259399,0.000237816045920126,"neg","neg","yes","neg","pos","no",NA,NA
"Zimbabwe",23.6845397224785,29.4265181037288,3.99088756047295,0.0312670019842623,707.230651251363,8.5289444897255,168.459543331791,3.3724868387727,33.8,5.2,3.4111211321163,5.32200002670288,40.3482801860803,67.0001189866128,5.92233339945475,3.00737,14.9532710280374,3.10252,4.7274,-1.37959166666667,-1.406614,-0.942668166666667,-1.96469166666667,-1.74428233333333,31.6333333333333,0.0965333333333333,66.2,14.9,79.1079219857449,92.3333333333333,1.7,36.563978322347,33.015,390760,13217771.9498079,33.825805992957,29.7885483718925,-18.9069879478588,698.701706761637,-0.0000933629998147673,-0.000196562255672785,0.00000983625604325078,-0.0000988572038015326,-0.000469670898595647,0.000271956490992582,"neg","pos","no","neg","pos","no",NA,NA
