"LOCATION","MEAN_RATE_NEO","MEAN_RATE_NEO_U5","FERTILITY_RATE_LAGGED","PLUS_65_YEARS_LAGGED","GDP_PER_CAP_LAGGED1","PUBLIC_EXP_PER_CAP_LAGGED2","PROP_PUBLIC_HEALTH_EXP_LAGGED2","OOP_PER_CAP_LAGGED3","GINI_LAGGED","POVERTY_GAP_LAGGED","INFLATION_LAGGED","UNEMPLOYMENT_LAGGED","BASIC_SANITATION_LAGGED","BASIC_WATER_LAGGED","UNEMPLOYMENT_FEM_LAGGED","SCHOOL_FEM_LAGGED","WOMEN_PARLIAMENT_LAGGED","SCHOOL_LIFE_EXP_LAGGED","OUT_OF_SCHOOL_LAGGED","CONTROL_CORRUPTION_LAGGED","GOV_EFFECTIVENESS_LAGGED","POLITICAL_STABILITY_LAGGED","REGULATORY_QUALITY_LAGGED","RULE_OF_LAW_LAGGED","UNDERNOURISHMENT_LAGGED","DOCTORS_LAGGED","DELIVERY_ASSISTANCE_LAGGED","AIDS_PREVALENCE_LAGGED","MALARIA_INCIDENCE_LAGGED","DPT_LAGGED","HOSPITAL_BEDS_LAGGED","ELECTRICITY_LAGGED","URBAN_RATE_LAGGED","SURFACE","pop","POP_DENS","INCOME_CLASS","LONG","LAT"
"Albania",5.88611166565962,6.38075835656756,1.99024434194452,0.120194894329629,4611.30873217528,10238.0087666596,0.0197097389217532,0,24.2,0.2,1.86502617767673,15.5773334503174,97.2552788305008,89.4342415762131,13.3216667175293,6.51778333333333,17.8571428571429,6.65289666666667,5.3344,-0.6577676,-0.223425833333333,0.144761466666667,0.2102926,-0.458732033333333,3.96666666666667,1.2728,NA,0.1,NA,98.6666666666667,2.9,100,55.38,28750,2820483.17988403,98.103762778575,"UM",20.0324264314432,41.1413533060488
"Algeria",12.3665530196784,7.75122230403265,2.66279562785407,0.0533023462593048,376.479146023221,188.885565828058,0.092987025691972,5.98332726378339,NA,NA,5.02087231376206,10.3323332468669,87.1536120507029,93.0536054357096,16.3043333689372,NA,31.6017316017316,NA,NA,-0.5255769,-0.514688966666667,-1.23931633333333,-1.24193333333333,-0.744940866666667,3.36666666666667,NA,96.6,0.1,0.00953988075823701,95,NA,99.0446639417739,69.5706666666667,2381740,38092617.5780442,15.9936086970216,"LM",2.59804779161834,28.1854812786575
"Angola",22.2560905412522,32.9762617575776,5.34296496006467,0.0211404097027871,235.963669593701,137.015273410487,0.0254676505328711,1.57789594246369,NA,NA,8.77870217294042,7.3700000445048,44.8544323569913,52.7557993450609,7.75966660181681,NA,35,NA,NA,-1.34072566666667,-1.11215723333333,-0.371262666666667,-1.00415366666667,-1.21852933333333,29.2333333333333,NA,NA,1.76666666666667,181.093501541349,54,NA,34.9374847412109,62.0003333333333,1246700,24484796.3778752,19.6396858730049,"LM",17.4705725523135,-12.2458690361332
"Argentina",5.97933764320046,4.82843635368356,2.12458571306821,0.105197412601514,473.564110012177,192.418192778378,0.149841702793688,5.62673610495973,29.6666666666667,0.4,NA,7.19500001271566,94.0367845186149,98.9304671343853,8.55933348337809,6.53955333333333,36.8352788586251,6.30804,0.79834,-0.472347333333333,-0.225086466666667,0.0544109666666667,-0.986911733333333,-0.757797333333333,2.83333333333333,3.9385,98.28,0.4,0,93,4.86666666666667,99.7935943603516,91.249,2780400,42523291.7553367,15.2939475454383,"UM",-65.1753607711417,-35.4468214894951
"Armenia",6.09068039991699,5.89501120916732,1.75394431889735,0.105029010192029,3180.21057122213,9695.2572849629,0.0052756064418898,210.872499220146,24.9666666666667,0.266666666666667,3.77633218412078,16.9926668802897,92.2100673846674,99.2606450979843,18.5953330993652,7.03344,10.6870229007634,6.86899,NA,-0.547911,-0.0571035666666667,-0.0106519,0.2717895,-0.376010266666667,3.26666666666667,2.89756666666667,100,0.2,0,94.3333333333333,4.05,99.9406356811523,63.172,29740,3071093.6945981,103.264750995229,"UM",45.0002900110148,40.2166076123014
"Australia",2.10670036512767,1.50791078399165,1.85119438908778,0.145948011242112,2184.95904636839,760.271706684323,0.173568106802464,35.6995887525603,27,0.4,2.23353050095712,5.65433343251546,99.9911523822512,99.9446436679464,5.70233345031738,NA,25.5555555555556,NA,0.519195,1.87484833333333,1.622808,1.02042073333333,1.81701466666667,1.82289666666667,2.5,3.35673333333333,99.5,0.1,NA,91.6666666666667,3.8,100,85.502,7741220,22605787.3660819,2.92018407513052,"H",134.502775475366,-25.7306547797261
"Austria",1.93600936530186,1.33670107187504,1.49117680626457,0.182918860084312,6138.61178303335,2974.23516127217,0.148291389866794,109.873048354859,23.9666666666667,0.233333333333333,2.03054552855672,5.27333323160807,99.9804526086585,100.000001891373,5.15399996439616,7.63616,31.1475409836065,7.76003666666667,3.21996333333333,1.47175366666667,1.57897866666667,1.32512266666667,1.500866,1.88734166666667,2.5,4.9654,98.5,NA,NA,95,7.65,100,57.3363333333333,83879.00390625,8510984.80715476,101.467404365785,"H",14.0761588843371,47.6139487927463
"Azerbaijan",17.1152348229723,11.4691987637642,1.94897781735695,0.0520769919347807,1733.10332887605,974.705044391854,0.0228379328857341,70.3201427891588,NA,NA,1.62556641862242,5.02333323160807,89.0878147969291,88.6658946202231,5.95933341979981,NA,15.7158469945355,NA,12.7261466666667,-1.0374728,-0.540498066666667,-0.5628404,-0.380348233333333,-0.743535966666667,2.5,3.46396666666667,99.8666666666667,0.1,0.00469291885474007,92,4.65,99.9999033610026,54.15,86600,9652806.50707472,111.464278372687,"UM",47.5539095580061,40.2206905476617
"Bahamas",6.14151691816167,5.52687003725967,1.41348748352717,0.0661585031035129,81728.0585193266,15036.5088805037,0.161001895339065,1438.55560328967,NA,NA,NA,NA,NA,NA,NA,NA,NA,NA,NA,NA,NA,NA,NA,NA,NA,NA,NA,NA,NA,NA,NA,NA,NA,NA,NA,NA,"H",-77.9299708039351,25.5154917253366
"Bangladesh",20.4853798343402,9.93705280972509,1.97348332031928,0.0531994696415293,26.5411185152621,31.0947124349161,0.00146655660222617,0.362823885945316,NA,NA,6.91318317401103,4.29199997584025,43.163531843644,96.6868651997224,7.18766673405965,4.23365,19.752052545156,4.025085,NA,-0.8746174,-0.7879135,-1.30083706666667,-0.934587833333333,-0.8579288,14.1666666666667,0.436866666666667,42.8,NA,2.3480678785739,95.6666666666667,0.6,61.5927385965983,32.7633333333333,148183.333333333,149672974.158604,1010.05268805716,"LM",90.267928277196,23.8394617953441
"Belarus",2.43095742184407,3.17162683497182,1.68422557956996,0.136838657223462,1996.39788565362,973.53614078496,0.0816768467155107,34.5474187704947,22.1666666666667,0,31.8838504712375,6.04066673914592,97.1585154131378,96.7288862096382,4.50233332316081,7.25755666666667,26.605504587156,7.33161333333333,0.70573,-0.4312176,-0.7615371,0.0847855333333333,-1.04879933333333,-0.8927428,2.5,4.9002,99.8666666666667,0.3,NA,97.6666666666667,11.15,100,76.1963333333333,207600,9599761.44859321,46.2416254749191,"UM",27.981352615448,53.5063447948111
"Belgium",1.91916177027343,1.61473182720884,1.70377399966377,0.177592472695102,4370.32941617186,2208.03384560292,0.149023666472752,72.2489667041429,22.0333333333333,0.1,1.43092073603044,8.16333325703939,99.4860655186069,99.9999995355232,7.83966668446859,9.74481333333333,38.4444444444444,9.22579,0.936956666666667,1.618414,1.53046966666667,0.854983933333333,1.225933,1.463001,2.5,2.9567,NA,NA,NA,99,6.26666666666667,100,97.7886666666667,30530,11101081.5111655,363.612234234049,"H",4.58083411385493,50.652440959023
"Belize",9.25528742371169,6.27752565069951,2.18555764628521,0.0433332062440586,21702.1914119136,50556.7066151453,0.018931182496531,313.582928998035,NA,NA,NA,8.32600021362305,86.5752192364489,95.8903463976052,13.1056664784749,4.87136666666667,3.125,4.7801,9.35546666666667,-0.143837566666667,-0.437037233333333,0.13501,-0.4847367,-0.556670366666667,7.9,0.85545,94.2,NA,0.101089144539665,96,1.1,91.5561879475911,45.2876666666667,22970,356915.925806192,15.5383511452413,"UM",-88.7034212529932,17.1970899114515
"Benin",31.102298486723,54.2395387084146,5.50189956191022,0.0274852412674146,191.677237797712,815.829629616467,0.00482945255474845,3.20864089392929,NA,NA,2.20827129044929,2.65266672770182,15.0880549614677,65.5346809712009,2.87933333714803,3.17107,8.43373493975904,3.944255,34.40871,-0.7555701,-0.4871819,0.230898933333333,-0.455100566666667,-0.547454066666667,7.86666666666667,0.17475,79.05,1.1,390.755912880098,77,NA,36.5997352600098,44.6443333333333,114760,10404716.613266,90.6650105722032,"LM",2.33737755349616,9.6474307806637
"Bhutan",21.2235247492239,11.7420028734204,2.26623980697324,0.0508351659772828,11979.2936077979,44476.2206526324,0.00733017364278241,67.8579343365853,30.7,0.4,8.73246151694777,2.51666665077209,65.2017689799135,95.1848334997336,3.19666663805644,4.76278666666667,7.80141843971631,4.56902333333333,17.58686,1.04061183333333,0.3897359,0.876324466666667,-1.05459043333333,0.3018841,NA,0.300533333333333,84.2,NA,0.0740641103462617,97.6666666666667,1.7,93.6056874593099,37.146,38393.9990234375,757876.094026183,19.7394414049847,"LM",90.4724248062037,27.427968649102
"Bolivia (Plurinational State of)",15.1386360147022,15.0420336724717,3.57302669509238,0.0554564723804237,658.482757326918,266.317061136482,0.108784359889998,10.7823922242186,NA,NA,NA,NA,NA,NA,NA,NA,NA,NA,NA,NA,NA,NA,NA,NA,NA,NA,NA,NA,NA,NA,NA,NA,NA,NA,NA,NA,"LM",-64.6414056060311,-16.7289870153058
"Bosnia and Herzegovina",4.04507389199408,1.57056215882768,1.25080886672602,0.140958792619734,3864.24491247384,9832.16131662321,0.0233640188097436,81.792019327583,NA,NA,0.354144927330362,27.6590003967285,95.2721585409863,96.3233868901673,30.2276668548584,NA,21.4285714285714,NA,NA,-0.283668233333333,-0.447701733333333,-0.320757266666667,-0.0690706666666667,-0.181308,2.5,2.03903333333333,99.9,NA,NA,89,3.5,99.9950358072917,46.5193333333333,51210,3607971.78513625,70.4544382959627,"UM",17.8168832703901,44.1807677629747
"Botswana",20.9718034615439,20.9860490063651,2.40168440804788,0.0353583590083267,7513.7132446867,6668.961195891,0.0463457541413795,17.1294759077097,NA,NA,5.94125425797386,17.8763332366943,71.6825626343821,86.4472800117469,21.199333190918,NA,8.46560846560847,NA,NA,0.903887166666667,0.416261266666667,1.072745,0.592371033333333,0.630736433333333,21.1333333333333,0.4015,99.7333333333333,22.6666666666667,0.752145186828953,95,NA,54.2154731750488,65.5693333333333,581730,2112585.45346472,3.63155665594815,"UM",23.7730814657894,-22.0997113788264
"Brazil",10.3197307574648,10.25617468235,1.89683216885452,0.0779452951317199,72.9704643560421,32.3738357701653,0.0882033948074921,1.78491122504817,41.8666666666667,1.1,5.97894998731084,6.94099982579549,84.7925783505437,97.0232022058816,8.64800008138021,7.22801666666667,9.03183885640026,6.97074666666667,NA,-0.153480566666667,-0.120138533333333,-0.0942939333333333,0.0297093666666667,-0.0664958,2.5,1.882,99.0666666666667,0.5,4.93308474949941,95,2.26666666666667,99.5816306666667,85.208,8515770,204969357.460973,24.0693862634821,"UM",-53.0543400357671,-10.8067736434989
"Brunei Darussalam",4.92678255700764,4.39283712292301,1.75422847551701,0.0318462163055304,184553.560836944,72809.7207810046,0.0600909588996074,323.573733585111,NA,NA,0.097954194268003,6.99866676330566,96.3490419463857,99.9000090900827,8.11433331171672,7.34582,NA,7.25175666666667,1.63409666666667,0.5744609,0.9332112,1.08161873333333,1.08081793333333,0.620066866666667,2.5,1.54213333333333,99.8,NA,NA,97.6666666666667,2.7,100,75.995,5770,408555.329940856,70.8068162809109,"H",114.91510877394,4.69025054252064
"Bulgaria",3.60710070254499,3.92624739257629,1.55486002953161,0.194857195948866,2962.96866975797,994.178687746877,0.110810744338538,86.5127331836474,27.9333333333333,0.666666666666667,0.808826012191594,12.2116667429606,85.9622514932887,99.2708844732899,11.0289999643962,7.67451,22.5,7.80857333333333,1.37023333333333,-0.247340266666667,0.125990166666667,0.2096951,0.556826333333333,-0.0778758666666667,3.7,3.94583333333333,99.7,0.1,NA,92.6666666666667,6.7,100,73.313,111000,7243257.45497682,65.2545716664578,"UM",25.1951109532771,42.7531187620217
"Burkina Faso",29.0383824595521,78.2401001309833,5.68188237718103,0.0293366700252029,87.7195323095623,767.079284942685,0.00422970484881188,1.63833151865733,29.6,11.2,1.36460046402635,6.05566660563151,18.1478956258852,49.4918118304904,8.64599990844727,1.85339666666667,15.748031496063,2.03276333333333,48.45341,-0.488938933333333,-0.621220166666667,-0.707882633333333,-0.200932133333333,-0.504833366666667,18,0.0477333333333333,NA,1.03333333333333,483.709272520909,89.6666666666667,NA,17.5615117390951,26.349,274220,18703706.5590436,68.2069380754269,"L",-1.77653745205594,12.3116504941367
"Burundi",24.4255333178773,40.7857139658684,5.83244981222502,0.0233444235845369,70.8941786487647,1367.49046426914,0.0021260984619004,1.58225444464633,31,31.1,10.1681185744407,1.63133335113525,45.9091512190768,58.3484605721032,1.20299998919169,2.1894,30.4761904761905,2.44651666666667,NA,-1.37376033333333,-1.17140233333333,-1.2798077,-0.843448666666667,-1.0398501,NA,0.0579666666666667,78.4,1.4,145.341216525381,95.6666666666667,0.8,6.69443972905477,11.484,27830,9849996.25354015,353.934468326991,"L",29.9138922954257,-3.37739107535547
"Cambodia",17.3683046543449,14.8683485527862,2.72430212266762,0.0457842003259573,249.303642737812,955.838929996053,0.00613038307010343,8.53251908938559,NA,NA,3.24352111051026,0.544999986886978,47.0688306189272,72.2504988977707,0.572666664918264,NA,20.3252032520325,NA,22.031605,-1.08676466666667,-0.803657666666667,-0.0722795,-0.367641733333333,-0.979667133333333,14.1,0.277866666666667,81.5,0.733333333333333,21.0068474454871,89,0.7,46.7414708455404,21.417,181040,15197003.6827973,83.942795419782,"LM",104.876085325252,12.6847286293935
"Cameroon",24.4288598920924,48.4558356047391,4.22505051287168,0.027414823375357,135.30781217999,335.605381432218,0.00424854484516157,4.24574706266697,35,8.4,2.21191723222946,3.69399992624919,38.9017882568083,60.2648489971374,4.27300008138021,3.54288666666667,25.3703703703704,3.86699,37.224825,-1.21019333333333,-0.8692641,-0.7266689,-0.916916166666667,-0.996306433333333,6.86666666666667,NA,64.7,3.96666666666667,244.084403474705,85.6666666666667,NA,56.166468556722,53.3726666666667,475440,24344704.9211129,51.2045787504478,"LM",12.6115515465018,5.6630952879927
"Canada",3.00552962003225,1.92000059731364,1.62076742518499,0.154809970813921,1295.77206772128,506.185019588229,0.195379674908421,17.6363136639844,25.1,0.1,1.45353534541305,7.09333324432373,99.4403444075992,99.3417522349337,6.60166676839193,6.48738,24.8106941918017,6.48292,0.359006666666667,1.883465,1.771656,1.11664733333333,1.766314,1.80341333333333,2.5,2.44773333333333,98,NA,NA,91,2.7,100,81.1776666666667,9984670,34672785.0203103,3.47260200089841,"H",-98.142381372097,61.4690761453489
"Central African Republic",40.0030811174486,84.5170506599448,4.90399404735359,0.0227933646127696,142.969451920601,3881.23011797307,0.0011998338045794,3.02506162759113,NA,NA,NA,3.9326666990916,24.9400284140655,46.0399718943222,3.85366662343343,0.86941,12.5,1.27752,55.90618,-1.08123386666667,-1.63558166666667,-2.235671,-1.21440233333333,-1.64404966666667,NA,NA,NA,4.5,404.317503353443,39,NA,12.1890544891358,39.67,622980,4759985.15105812,7.64067089000949,"L",20.3743472912439,6.54277870592131
"Chad",32.6215419747365,77.9305476216297,7.00424795245727,0.0258601637386169,127.772242623777,905.468671345765,0.00297149095576234,3.75615535775835,NA,NA,3.14042278350651,1.76200000445048,9.40886590050551,39.32476789964,1.46199997266134,1.02091,14.8936170212766,1.63418666666667,NA,-1.32689333333333,-1.45784133333333,-1.23415733333333,-1.07437226666667,-1.32906766666667,37.2333333333333,0.0430333333333333,NA,1.43333333333333,181.654134951623,38.3333333333333,NA,7.50567563374837,22.254,1284000,13145381.2062148,10.2378358303853,"L",18.5813295253329,15.3288673998397
"Chile",4.0872043633774,2.94770490942289,1.74306825135678,0.101229775873533,1385.0781255334,393.720766957534,0.138139813069232,32.8526711105139,37.4,0.2,3.17189307350769,6.51266670227051,98.7854946738612,99.1559100312141,7.47599999109904,5.79695333333333,15.2777777777778,5.74177,2.10500666666667,1.53743066666667,1.22997466666667,0.380787166666667,1.50812633333333,1.397619,3.2,1.88516666666667,99.7933333333333,0.4,NA,92,2.2,99.8178538004557,87.246,756096.015625,17110446.0312007,22.6299910032682,"H",-71.5206439451643,-39.0470143099484
"China",3.90875207020999,5.15878040413066,1.43480788185869,0.0970746463485807,11.5738602926968,3.36372347680099,0.0922899009248443,0.15694917588047,30.5,0.7,2.38740620261176,4.58966684341431,78.4446042606766,90.5083201863638,3.97733330726623,NA,22.7086159268329,NA,NA,-0.3780407,0.1166541,-0.535052,-0.270597533333333,-0.493985833333333,2.5,1.6192,99.8666666666667,NA,0.000220423567130466,99,4.2,99.9659957885742,53.0123333333333,9562911.25,1381805454.22567,144.496316874808,"UM",103.883612300632,36.5550665318587
"Colombia",6.85788145225001,6.10219615167632,2.19069705318825,0.080209307061206,305.093237065121,217.286212844973,0.0702494914194283,3.34168722314926,41.4666666666667,2.2,2.69441427549248,9.12133312225342,85.4543623430073,96.0033402551595,11.7836666107178,5.99373666666667,14.7073141049045,5.75656666666667,4.90154333333333,-0.387094266666667,-0.00208206666666667,-1.26945866666667,0.433268033333333,-0.350553833333333,8.43333333333333,1.81216666666667,98.7666666666667,0.433333333333333,6.92021717083248,90.6666666666667,1.5,97.5341773333333,79.059,1141748.64583333,45401515.7061063,39.7648956027172,"UM",-73.0777320869748,3.9272138627097
"Congo",18.8533802797485,22.0632850927131,3.86702846879984,0.0302693929099883,1115.5057215269,622.767481006407,0.0354219175022013,9.23165889928536,NA,NA,NA,NA,NA,NA,NA,NA,NA,NA,NA,NA,NA,NA,NA,NA,NA,NA,NA,NA,NA,NA,NA,NA,NA,NA,NA,NA,"LM",15.1344617674135,-0.837801087225289
"Costa Rica",5.20923472081781,2.98459810978624,1.74640932111174,0.0764828240566851,3702.70272885013,1368.16422987157,0.14327496081591,61.5906719906358,37.1,0.6,4.74866676412274,9.20366668701172,96.6862370981468,99.0408000178188,11.0900001525879,5.72991666666667,36.8421052631579,5.59019,7.00434,0.666534233333333,0.459676133333333,0.631246233333333,0.5566355,0.543952866666667,4.03333333333333,2.08076666666667,99.0033333333333,0.3,0.00121891685829055,92.3333333333333,1.13333333333333,99.4753686666667,74.9523333333333,51100,4504876.30297152,88.1580489818302,"UM",-84.1754230960095,9.96567112746453
"Côte d'Ivoire",34.845245259393,39.9177710187003,4.59173033280767,0.0240580612086995,157.212809126888,34.379655181765,0.0747682696762418,3.76835631631553,NA,NA,NA,NA,NA,NA,NA,NA,NA,NA,NA,NA,NA,NA,NA,NA,NA,NA,NA,NA,NA,NA,NA,NA,NA,NA,NA,NA,"LM",-5.61204364522522,7.55375500701049
"Croatia",2.63300827288789,1.47495073538438,1.3807014629529,0.180331399243888,6097.59453818394,2627.80023669948,0.118057170264189,36.9021864807005,23.8666666666667,0.533333333333333,1.80448646517841,16.8253335952759,96.4380761501422,99.5073981603534,17.0023333231608,8.12935333333333,23.841059602649,7.97691666666667,1.36188,0.117709,0.700280466666667,0.6228906,0.438808833333333,0.285647433333333,2.5,3.0389,99.9,0.1,NA,95.6666666666667,5.89666666666667,100,55.7116666666667,56590,4338948.22299542,76.6734091358088,"H",16.5661897716455,45.0162339959311
"Cuba",2.32490317508497,2.64915361481871,1.58024859995008,0.135135633323662,1859.45006524799,4571.13291794334,0.0601975031228544,22.4906849279286,NA,NA,NA,3.15000001589457,91.5367893475075,94.9233198832836,3.43099991480509,5.59223666666667,47.6447537680222,5.56661,3.40799333333333,0.141279566666667,-0.297157833333333,0.407544966666667,-1.48986533333333,-0.686853366666667,2.5,7.42523333333333,99.7333333333333,0.3,NA,99,5.2,100,76.823,109880,11463518.8405205,104.327619589739,"UM",-78.9606849097026,21.6317515410252
"Cyprus",1.83261690813562,1.3710511059132,1.33802034761829,0.122977346462204,28519.0725003315,10329.4860091029,0.0738378887452288,774.661236496318,29.2333333333333,0.0333333333333333,0.211569189831887,14.5846665700277,99.35988069709,99.6722786048298,13.7236665089925,5.85773666666667,11.3095238095238,5.82992666666667,0.702013333333333,1.190891,1.29939333333333,0.5834518,1.04891543333333,1.07107633333333,6.6,2.40096666666667,98.6666666666667,NA,NA,99,3.45,100,67.143,9250,1189932.31879287,128.641331761391,"H",33.0395538029541,34.9070608509434
"Czechia",1.51629986381892,1.25839413098399,1.62443047022859,0.174023729793614,3585.73745263915,1321.31895343055,0.145549606064272,31.1085729314881,NA,NA,NA,NA,NA,NA,NA,NA,NA,NA,NA,NA,NA,NA,NA,NA,NA,NA,NA,NA,NA,NA,NA,NA,NA,NA,NA,NA,"H",15.3345581023658,49.775245294369
"Democratic People's Republic of Korea",7.18105800317547,6.05758396005726,1.92270989753434,0.0971358778830983,1502.58627098579,457.186916320987,0.127874199080701,29.3272591733404,NA,NA,NA,NA,NA,NA,NA,NA,NA,NA,NA,NA,NA,NA,NA,NA,NA,NA,NA,NA,NA,NA,NA,NA,NA,NA,NA,NA,"L",127.821317128331,36.4275986041549
"Democratic Republic of the Congo",22.5632651217537,37.0332762062029,5.14099996275197,0.025546504539025,11.2648122448892,1.71310081519902,0.131240363222755,0.147714359271933,NA,NA,NA,NA,NA,NA,NA,NA,NA,NA,NA,NA,NA,NA,NA,NA,NA,NA,NA,NA,NA,NA,NA,NA,NA,NA,NA,NA,NA,23.5829558314791,-2.85027571109567
"Denmark",2.35233148666459,1.16941556160415,1.73693703452658,0.178912376981574,9493.34772291957,4714.57812888584,0.160260430229624,117.69128979255,23.4666666666667,0.133333333333333,1.25033572572466,7.03733348846435,99.5972325146817,100.00000071317,7.21266667048137,7.80387666666667,39.1061452513966,7.69901333333333,2.81141,2.34441333333333,1.93200966666667,0.941974633333333,1.76793966666667,1.95691233333333,2.5,3.84033333333333,96.8,NA,NA,94,3.1,100,87.2813333333333,42920,5612673.60422198,130.770587237232,"H",9.876372937675,56.0639344617945
"Djibouti",21.5401692922157,26.7221640400115,4.10946097441194,0.0265349618845158,3091.84306276382,22623.5813674399,0.00430525006320276,29.2298278064248,34.25,7.6,2.5930356265641,10.692333539327,58.5853595718519,75.5411370170441,10.7810001373291,3.01732333333333,13.1002331002331,3.15673333333333,NA,-0.534609066666667,-0.999934033333333,-0.237266866666667,-0.494478833333333,-0.812491866666667,NA,0.2237,87.4,1.3,6.61821585683561,80.3333333333333,1.4,53.1284350077311,77.2246666666667,23200,1017284.41952703,43.8484663589237,"LM",42.4980197360445,11.7730443955339
"Dominican Republic",17.2566362570138,8.55628047578966,2.55165088550108,0.064994666630679,1510.11782756943,706.089167164569,0.0584736293205696,30.4333908346264,35.7666666666667,0.566666666666667,3.84138089544402,6.93100007375081,82.4730933058696,95.4676492244903,9.84333324432373,5.02081,20.7650273224044,4.77132666666667,3.48770666666667,-0.850216033333333,-0.4710193,0.20191,-0.0707202666666667,-0.541943566666667,9.1,NA,98.3333333333333,1.13333333333333,0.153999936003798,86.3333333333333,1.6,98.241294,76.7403333333333,48670,10162430.1482452,208.802756282006,"UM",-70.4623584569753,18.8844870879823
"Ecuador",7.9681437160406,7.54278403395481,2.50554578988605,0.0666639840102143,683.304654075966,470.511240849433,0.0627453465200878,25.5529102878623,34.9,1.1,3.80423925095235,3.26599995295207,83.8888756761191,91.6530797828977,3.87833325068156,6.36301333333333,37.5166784396829,6.20991333333333,3.66881,-0.634648933333333,-0.493152566666667,-0.255832133333333,-0.984240633333333,-1.0537925,14.7333333333333,NA,94.7,0.4,0.84362276594836,85.6666666666667,1.5,98.0685566666667,63.1246666666667,256370,15745892.2365124,61.4186224461226,"UM",-78.3841667460837,-1.45477170554058
"Egypt",5.70090001322595,10.3161243766039,2.82222258494172,0.0407566919060146,121.056506995785,38.5551520626431,0.051393202642911,3.24207950501169,NA,NA,NA,NA,NA,NA,NA,NA,NA,NA,NA,NA,NA,NA,NA,NA,NA,NA,NA,NA,NA,NA,NA,NA,NA,NA,NA,NA,"LM",29.8444615131244,26.5066199997496
"El Salvador",5.44386621165622,5.9546906425674,2.10685620943201,0.0766339911069275,1301.39562019438,900.45028881312,0.0719229020176239,26.078939693207,33,0.833333333333333,1.20958289190634,3.89666660626729,86.5387696026048,93.6182051443904,3.25899998346965,4.57936666666667,26.5873015873016,4.60845666666667,NA,-0.381163566666667,-0.0917122333333333,0.0587783666666667,0.319149933333333,-0.598026666666667,10.6333333333333,NA,99,0.666666666666667,0.00655941504473572,92.6666666666667,1.16666666666667,94.616364,68.0323333333333,21040,6083765.75207485,289.152364642341,"LM",-88.8729031703238,13.7260916257942
"Equatorial Guinea",18.1063682691741,20.7895538601916,3.90774235839074,0.0230716001160203,18267.5758305786,9374.17783360801,0.016239947911837,294.269151226395,NA,NA,3.63849869689196,6.73133341471354,65.8560435729488,63.483960706272,6.60100015004476,NA,15.3737373737374,NA,NA,-1.630112,-1.550789,-0.00702933333333333,-1.410882,-1.36457266666667,NA,NA,NA,6.3,361.481886477526,53.3333333333333,NA,66.648671468099,69.5423333333333,28050,1169066.74834525,41.6779589427896,"UM",10.366031325064,1.64586431996008
"Eritrea",19.7873712094285,28.8556427716292,4.24835806461678,0.0217534615280381,322.176783151236,85.0483793954596,0.0345178838791559,4.32813598537233,NA,NA,NA,5.41733328501384,11.6364895339635,50.7059561944807,5.24366664886474,3.73518333333333,22,4.20626666666667,31.7338133333333,-0.856172233333333,-1.524813,-0.760147333333333,-2.197807,-1.44176233333333,NA,NA,NA,0.8,21.4329646306636,94,NA,43.1850395202637,NA,117600,5971484.20793715,50.7779269382411,"L",38.6781869278648,15.4272767514129
"Estonia",1.17047138718324,1.58311427487846,1.5706954921133,0.180374489520484,25476.0180771092,9038.69751101638,0.122845421377753,277.511402501173,26.0333333333333,0.5,2.20259710533268,8.66799990336101,99.1778261428242,99.6634220677524,8.02199983596802,6.28663,20.1947194719472,6.30118666666667,0.569873333333333,1.196085,0.981997766666667,0.721646166666667,1.51372866666667,1.242826,2.5,3.32346666666667,99.3666666666667,NA,NA,93.6666666666667,5.25,100,68.1216666666667,45303.3333333333,1320357.58119124,29.1448218937071,"H",25.8247256130266,58.6436954266309
"Eswatini",16.9959197360382,31.1684523976015,3.11027038156129,0.0334434984767705,7699.60554714696,26504.2313909494,0.0159636154070544,58.737471238008,NA,NA,6.74743397344537,24.9186668395996,56.8637989215015,65.8941557645513,26.9793332417806,3.5996,8.64801864801863,3.71428333333333,3.66526,-0.418093033333333,-0.514539933333333,-0.446721033333333,-0.455934566666667,-0.4222309,10.9333333333333,NA,88.3,28.6,2.44660881320119,97,NA,NA,22.999,17360,1094049.06290525,63.0212593839429,"LM",31.3952559020653,-26.48985528852
"Ethiopia",27.3522765286633,26.1322553725732,4.74847583319869,0.0271725600868522,18.5678317756049,93.141769115849,0.00335722626111165,0.255737376517142,NA,NA,12.5775412676498,2.24833329518636,6.405964188401,36.7260870604112,2.95633331934611,2.14043,27.7879341864717,2.25463,43.82947,-0.513930666666667,-0.485582766666667,-1.43698833333333,-1.07718466666667,-0.598820566666667,27.4,NA,19.3,1.23333333333333,94.9636789817718,60.6666666666667,NA,28.5356449127197,18.5776666666667,1104300,92771086.7125669,84.0089529227265,"L",39.5512557929377,8.65399918813258
"Fiji",10.1649708934682,12.0816068783823,2.62743455127235,0.0508552593474689,10196.6625619465,26963.6505529903,0.00874763834522979,72.7876736851531,29.7,0.1,2.2854078815463,4.42133331298828,92.4000871800148,93.9215540140148,5.09066677093506,6.61811,14,6.30258,3.71751,-0.0173145,-0.6830764,0.144787366666667,-0.5029177,-0.708551966666667,3.66666666666667,0.8156,99.5666666666667,0.1,NA,99,NA,93.2989247639974,53.706,18270,888534.453152915,48.633522340061,"UM",163.85316464458,-17.3163094263826
"Finland",1.19535139401805,1.05628522242082,1.59281370596093,0.194854501710416,8372.49319003066,4406.61848210718,0.130517452790476,131.045489697365,22.2,0.0333333333333333,1.77593953142939,8.18166669209798,99.447895986178,100.000000754982,7.50766674677531,8.06232,42.5,7.75694,1.39337666666667,2.201054,2.131014,1.35604466666667,1.85493233333333,1.99615466666667,2.5,3.32473333333333,99.75,NA,NA,98.3333333333333,5.1,100,85.047,338420,5454622.67339361,16.1179087329165,"H",26.2117646102964,64.5040940396365
"France",2.08501369936976,1.58850318209474,1.86458855688847,0.176751280626433,672.972233479396,359.767349952475,0.15534308830849,6.9140063066768,26.4666666666667,0,1.10855654564495,9.8709996541341,98.6531636517354,99.9948483257682,9.72499974568685,7.38009333333333,26.632004621606,7.34679,2.13966333333333,1.366687,1.408426,0.434751366666667,1.12208466666667,1.45185866666667,2.5,3.1936,97.9,0.3,NA,98.6666666666667,6.5,100,79.1356666666667,549086.9921875,64743577.1534907,117.911329306053,"H",-2.87669669927055,42.4607043266338
"Gabon",16.2422251041667,14.8530423395302,3.02899669580286,0.0395004404138424,10601.2685529777,8251.75491097472,0.0270073152549567,79.0627643198592,NA,NA,2.61610562137824,20.4089997609457,46.1957472276177,84.7836666818335,28.9176661173502,NA,15.5263157894737,NA,NA,-0.683064333333333,-0.793275866666667,0.257645633333333,-0.674916533333333,-0.506054633333333,16.2,NA,89.3,3.96666666666667,268.035305971609,77,NA,88.3066467285156,87.147,267670,1585569.93096613,5.92359969726204,"UM",11.687751174902,-0.647048139804029
"Gambia",20.0220338902815,18.8835138548416,4.40549090630296,0.0332006873919794,793.882900819038,157.545997021048,0.0965244846399143,8.27415441554978,NA,NA,NA,NA,NA,NA,NA,NA,NA,NA,NA,NA,NA,NA,NA,NA,NA,NA,NA,NA,NA,NA,NA,NA,NA,NA,NA,NA,"L",-15.4318728077308,13.4753343587017
"Georgia",5.93160122898229,4.7895762340324,1.92646144682612,0.143942171621447,2727.73893626581,8439.73796353201,0.00916672297649533,121.253414847263,29,1.73333333333333,0.537698279859112,18.8356666564941,90.9846742781057,96.8214842756542,16.3093331654867,5.86567,12,5.79131,1.82297,0.552134766666667,0.5600792,-0.481109233333333,0.7947585,0.0568022666666667,4.7,4.59223333333333,99.8666666666667,0.2,0,92,2.55,99.9661661783854,56.685,69700,3859713.48928099,55.3760902335867,"UM",43.4815426540903,42.162015014153
"Germany",1.99224601834943,1.39279147008311,1.40864924151516,0.206544572228983,626.044365121834,258.727277652573,0.195524655666178,8.07969222126352,24.6,0,1.47333661674643,5.19700002670288,99.2247939733919,100.000000801133,4.90633344650269,8.73229666666667,35.2677947616857,8.93770333333333,3.17771333333333,1.827256,1.622427,0.8762639,1.59740633333333,1.72376066666667,2.5,4.00433333333333,98.5,NA,NA,93.6666666666667,8.25,100,77.18,357296.666666667,82027797.9534048,229.578962263119,"H",10.2884850927429,51.1337226904078
"Ghana",23.7511451229659,29.8211362064033,3.42275361565023,0.034459881458481,149.418912818633,463.717209575116,0.00691563168067018,2.7696684575941,31.8,3.4,11.427386133485,6.24433326721191,15.848501137159,77.3934644430544,6.27133337656657,3.84517333333333,10.9090909090909,4.03193666666667,13.61787,-0.138460033333333,-0.142588,0.0281643666666667,0.0689788,0.0706273666666667,7.33333333333333,0.1321,70.8,1.83333333333333,346.445346048174,93.3333333333333,NA,72.7621866861979,52.7466666666667,238540,27352977.1527632,114.668303650386,"LM",-1.2369685557064,7.92865181309965
"Greece",2.2273823322899,1.81409100433723,1.38714983046174,0.202146280347319,2728.25565023022,1310.39205136697,0.0958339260519592,67.6613524969316,26.3666666666667,0.566666666666667,-0.243950449260361,26.1319993336996,98.7369804083595,99.9959693188108,29.9396667480469,6.12260333333333,21,6.24673666666667,6.17234,-0.118973766666667,0.3925297,-0.176345466666667,0.496565166666667,0.418043,2.5,4.52216666666667,NA,NA,NA,99,4.4,100,77.3536666666667,131960,10798954.2409249,81.8350579033412,"H",22.7198134470951,39.066715899714
"Guatemala",8.57729123191061,13.7222380301605,2.69598212643341,0.0483059647949678,478.623496537189,317.205845205539,0.0363519369178239,16.0323017116473,38,2.6,3.84784685207387,2.83300002415975,64.8665849671711,92.2928683944602,3.49600005149841,3.12867333333333,13.2911392405063,3.23690666666667,27.4476833333333,-0.672460266666667,-0.729157933333333,-0.6545133,-0.189358466666667,-1.04067566666667,18.0666666666667,NA,62.8,0.4,0.570084402203377,84.6666666666667,0.6,86.7199381401367,49.315,108890,15626610.2627212,143.508221716606,"UM",-90.3694583605315,15.6993606120269
"Guinea",31.1977156469967,66.6036976572427,4.96623251447635,0.0365980191559515,180.422771483199,1129.97106726459,0.00260354594889841,3.86538745498888,26.4,10.6,11.3946433668614,4.49599997202555,19.4983834679378,62.6347803935881,3.51866666475932,2.20682,21.9298245614035,2.733335,51.20132,-1.04642166666667,-1.224928,-1.15736893333333,-1.026035,-1.38116,NA,NA,45.3,1.6,405.655471698298,50.3333333333333,NA,28.3353243509929,34.5453333333333,245860,10797777.3897406,43.9183982337125,"L",-11.0608537411855,10.4482728772713
"Guinea-Bissau",32.1706117595307,40.436026257783,4.3405138827964,0.0249154795875784,934.822526663118,11511.5299764166,0.00191971928337991,41.6791963858576,NA,NA,0.609475584574687,2.66100001335144,18.6465775865621,64.1242311367311,2.39800000190735,NA,13.9084967320261,NA,NA,-1.380997,-1.415505,-0.857225066666667,-1.226143,-1.477846,NA,NA,45,3.76666666666667,112.012522686682,87.3333333333333,NA,13.9904200871785,41.311,36130,1669099.39653515,46.1970494474163,"L",-15.1106237516679,12.0227043823257
"Guyana",15.39952997347,8.19265552443641,2.20004995635598,0.0523136259311717,10751.9443901342,18982.8974707681,0.0173532921414084,181.240754282942,NA,NA,1.71527250975636,11.8570000330607,84.5174927473322,94.1473021545822,15.2206665674845,4.9682,31.3432835820896,4.89674,7.36584,-0.7155591,-0.154319866666667,-0.364106133333333,-0.582450266666667,-0.5568187,6.26666666666667,NA,85.7,1.4,54.1995578873102,97.6666666666667,1.6,83.5604751586914,26.4046666666667,214970,739831.791555701,3.44155831769875,"UM",-58.9712031085625,4.79022537517476
"Haiti",29.7464949649938,39.2904554097192,3.28361590927538,0.0380226462021917,152.706293112173,1976.42271638807,0.00407834528258583,3.99530759033677,31.2,8,4.4070774005566,14.0876668294271,30.336799536196,63.6315297986864,17.1463330586751,NA,4.21052631578947,NA,NA,-1.20005033333333,-1.75425466666667,-0.687578466666667,-0.979714166666667,-1.269058,48.8666666666667,NA,42.95,2.1,5.11281779838296,64.6666666666667,0.7,37.6465487162272,50.4603333333333,27750,10935163.2024272,394.0599352226,"L",-72.6580133053557,18.9007006918433
"Honduras",9.55710778775182,7.7546955488938,2.69242017489062,0.0456124888667419,534.591713881415,1378.22036931829,0.0143429483042287,20.7948137503563,40.8,6.9,5.49577814808788,4.44600001970927,77.1920507231394,92.6256254728993,5.76266654332479,3.39988,22.65625,3.10742666666667,35.71316,-0.894998966666667,-0.745631566666667,-0.440937066666667,-0.259160333333333,-1.0831533,19.1333333333333,0.9839,82.8,0.366666666666667,0.862667194499177,98,0.7,86.482127,53.858,112490,8585404.63068423,76.321491960923,"LM",-86.5899638380154,14.8229470816529
"Hungary",2.15020805584047,2.03627806850103,1.41965779382795,0.175092942208483,2949.115891725,1311.88826600091,0.0987775452603115,51.3837244965699,24.1,0.2,2.38592624990973,9.63466660181682,97.9999133592883,99.9699751201088,9.55266666412351,8.09229333333333,9.22227718905407,8.09473333333333,3.13172,0.2808324,0.605751233333333,0.714115233333333,0.882048566666667,0.566636033333333,2.5,3.2263,99.1,NA,NA,99,7,100,69.9526666666667,93030,9876557.84871108,106.165299889402,"H",19.3576286277459,47.1999511719543
"Iceland",1.49468569560814,0.882956234404936,1.89525450830571,0.130626952808672,167694.093332826,65867.4270190921,0.154181832697905,2023.06722463836,22.3,0,3.70093131346094,5.42433325449626,98.783982286324,99.9999996024561,5.17466672261556,8.15782,39.6825396825397,8.07236,1.47659666666667,1.87545066666667,1.49082566666667,1.25971366666667,1.15909133333333,1.68522833333333,2.5,3.56923333333333,97.9,NA,NA,90,3.23333333333333,100,93.6333333333333,103000,323416.654541569,3.13996751982106,"H",-18.7610287708318,65.074276335291
"India",24.3578738846798,12.5520443318862,2.20624290770993,0.0572535893625396,5.27398534312788,1.96786917415695,0.023283773893439,0.0975508470115599,NA,NA,8.85776115370836,5.64366658528646,49.1733342404608,89.4043930885259,5.62266667683919,4.93257,11.1454655019965,4.92865333333333,14.87672,-0.486233733333333,-0.1827117,-1.172132,-0.463725833333333,-0.0641753,15.8333333333333,0.7137,81.1,NA,10.0703427295078,83.3333333333333,NA,80.2462076822917,32.007,3287259.6875,1288371160.73606,391.928622382701,"LM",79.5937037632538,22.9250064074085
"Indonesia",13.9438591019379,12.5290871769009,2.01183292841745,0.0517398116456288,48.0869006229261,7.68571500908612,0.076254456537741,0.580674544667223,32.1,1.13333333333333,5.69564623539437,4.28433322906494,65.6226405046171,86.5302485497655,4.31133317947388,4.90055333333333,18.026598026598,4.91361,13.8837933333333,-0.6051243,-0.169621466666667,-0.5097838,-0.193954366666667,-0.482876866666667,9.16666666666667,0.30965,85.25,NA,7.97097718710294,89,0.9,96.4914194353847,51.9553333333333,1910930.3125,247824599.030229,129.687931270507,"UM",117.423407562274,-2.22173793652054
"Iran (Islamic Republic of)",7.07795265293504,4.71566721427918,1.97691552494345,0.0566990608405634,244.12869746356,42.0399879930137,0.227680145228175,6.90033574224657,NA,NA,NA,NA,NA,NA,NA,NA,NA,NA,NA,NA,NA,NA,NA,NA,NA,NA,NA,NA,NA,NA,NA,NA,NA,NA,NA,NA,"UM",54.2854514968914,32.5189173176254
"Ireland",2.07908719095556,1.26613080154285,1.81261673799219,0.122000955255681,15866.7488584651,4110.80967213737,0.18864262968012,146.872791456322,25.6333333333333,0.3,0.795822053019612,13.6810000737508,90.8475118857091,97.3488655808196,12.0156666437785,5.919745,15.4618473895582,5.85302,0.311355,1.53571,1.54318966666667,0.965046466666667,1.639583,1.74839766666667,2.5,3.6343,99.7666666666667,0.2,NA,95.6666666666667,2.8,100,62.141,70280,4745325.12070415,67.5202777561774,"H",-8.01023654487701,53.1805912099501
"Israel",1.76008386722663,1.4838230440917,3.03417523126773,0.105275071813212,4536.29303242574,1677.01870120147,0.121921494251642,67.6782153358356,28.9,0.25,1.24688393992397,6.31833330790202,99.9999976582769,99.9999976582769,6.37766679128011,6.23266666666667,21.6666666666667,6.17269666666667,0.03501,0.896207133333333,1.24572433333333,-1.073308,1.186756,1.0067538,2.5,3.487,NA,NA,NA,95,3.1,100,92.0316666666667,22070,8318796.10256187,376.927779907652,"H",35.003851206429,31.4849193900197
"Italy",1.78411722674165,1.2901940734704,1.32493173825422,0.210246023410022,675.760149044809,309.874863535286,0.134243592592645,11.7137893038233,25.9333333333333,0.933333333333333,1.50080139494585,11.8289998372396,98.7702456548899,99.4876642355302,12.897333463033,8.12927,28.0952380952381,8.16163666666667,0.170976666666667,0.0293897,0.417765966666667,0.487294033333333,0.725529266666667,0.394537333333333,2.5,3.88686666666667,99.9,0.3,NA,96,3.4,100,68.9783333333333,301340,60764673.9976824,201.648217952089,"H",12.1407883722359,42.7511830529643
"Jamaica",12.8034921400337,3.2235382931177,1.5720378088151,0.0845752461210536,3237.03524180743,1863.11184795725,0.0643431359092149,31.3733901515522,NA,NA,8.17755226566915,14.3070001602173,86.1841863779259,90.3407934821327,18.7839997609456,4.264965,12.6984126984127,4.105565,19.362665,-0.277393333333333,0.0636441666666667,0.109125,0.205599233333333,-0.335952333333333,10.0666666666667,0.4005,NA,1.5,NA,93.6666666666667,1.7,94.9620417277018,54.3553333333333,10990,2776797.17012392,252.665802559046,"UM",-77.3242548016489,18.1376361278684
"Japan",0.881811235273305,1.64781109357289,1.35183990220874,0.248409283403634,324.456938965152,123.383359312226,0.232062495766057,4.08911463197256,26.4,0.2,1.01881844999851,3.96666669845581,99.9255465859311,98.849375,3.67966667811076,NA,8.05555555555556,NA,NA,1.65909266666667,1.615396,0.978727433333333,1.13420966666667,1.46770333333333,2.5,2.30765,99.8,NA,NA,96.3333333333333,13.4,100,91.226,377961.328125,129645057.254985,343.011434260038,"H",138.064962132708,37.6631108117046
"Jordan",9.0130541152358,6.56243414057642,2.94454123669713,0.0344562915579066,872.292406217786,6134.4725432226,0.00605066100457465,17.1279585410323,NA,NA,4.07977725315529,12.233333269755,97.6882477933794,99.0634024379698,20.9380003611247,4.34860333333333,11.6651651651652,4.28596666666667,28.1078,0.0919124,0.0188827,-0.5567728,0.135334666666667,0.408759666666667,8.83333333333333,2.19925,99.6,NA,NA,98,1.83333333333333,99.8091761271159,89.1033333333333,89320,8727594.65090919,97.711538859261,"UM",36.7794549063252,31.2454905847484
"Kazakhstan",5.70678859505837,6.82335534755638,2.51824582317224,0.0649559690257063,1464.82446218071,384.803653836647,0.0736865487631495,11.3085184024468,22.6666666666667,0,5.88363410463021,5.1833332379659,97.6013872250934,93.2738263773202,6.0103333791097,7.44866,24.6051740484897,7.37492333333333,0.16934,-0.892858866666667,-0.338569833333333,-0.258303566666667,-0.3311869,-0.6580899,2.7,3.9472,99.99,0.166666666666667,0,97.3333333333333,6.85,99.9381637573242,57.0456666666667,2724901.875,16915083.0932747,6.20759347280155,"UM",67.2846109811001,48.1916607521823
"Kenya",19.4507346308624,21.339767419193,3.39933013776712,0.0273913885193654,68.4476664651242,254.141138536773,0.00790386037008984,1.08581640613006,NA,NA,7.32447201489601,2.84833335876465,30.0601181462729,56.3350182549244,3.0423333644867,NA,15.8452380952381,NA,NA,-1.0193628,-0.437953933333333,-1.25753966666667,-0.305425933333333,-0.650594566666667,22.3,0.1897,61.8,5.36666666666667,79.901949797426,91,NA,32.6084855397542,24.797,580370,43864373.6223563,75.5800155458695,"LM",37.7915552866614,0.595966252176952
"Kuwait",5.16697162386003,4.11732282318544,1.53577222308385,0.0313295111190521,17417.0138029038,10204.4850415304,0.0620634476131142,82.1097221165962,NA,NA,2.94878985743625,2.81233334541321,100,100,4.91633335749308,6.82231333333333,4.61538461538461,6.6426,7.9266,-0.206374433333333,-0.0964567,0.172889433333333,-0.0844536666666667,0.251910233333333,2.5,2.55053333333333,98.7333333333333,NA,NA,97.3333333333333,2.13333333333333,100,100,17820,3478614.95325022,195.208471001696,"H",47.6000988876264,29.3072666340336
"Kyrgyzstan",11.0409999208487,6.78601178684991,2.75463714781171,0.0437091451643182,615.799398273291,225.628463669531,0.0770617222702014,20.9565592140416,NA,NA,NA,NA,NA,NA,NA,NA,NA,NA,NA,NA,NA,NA,NA,NA,NA,NA,NA,NA,NA,NA,NA,NA,NA,NA,NA,NA,"LM",74.6204048109256,41.5068937131826
"Lao People's Democratic Republic",20.3713989120578,21.648886476506,2.89038335970145,0.0378408358812003,1009.5134734284,201.471221565137,0.0570068260633127,8.98705534745107,NA,NA,NA,NA,NA,NA,NA,NA,NA,NA,NA,NA,NA,NA,NA,NA,NA,NA,NA,NA,NA,NA,NA,NA,NA,NA,NA,NA,"LM",103.750259895045,18.4449780890361
"Latvia",2.16880994386439,2.20392392888726,1.6303872884932,0.188056302589744,14478.519367509,4782.26812901479,0.0907634400059978,231.348726448722,26.6666666666667,0.5,0.949608367406807,12.5866664250692,90.8753087597097,98.4204534268871,11.6379998524984,6.34224666666667,21.3333333333333,6.39099333333333,1.46198666666667,0.329746666666667,0.895341866666667,0.511510133333333,1.07737166666667,0.808569833333333,2.5,3.13483333333333,98.3666666666667,0.366666666666667,NA,92.3333333333333,5.85,100,67.9246666666667,64486.6666666667,2031299.93291747,31.4995337472987,"H",24.8332961498034,56.8071751342792
"Lebanon",4.98350815328301,4.7091084147264,2.74817279380085,0.0865138583639604,2846.22323119898,6714.38828147146,0.0165777890362173,79.9433387294818,NA,NA,4.41903275107331,6.42766666412354,92.2364102564103,91.3430201053221,10.5346666971842,NA,3.125,NA,NA,-0.943569333333333,-0.372505666666667,-1.68436866666667,-0.148128066666667,-0.764325266666667,12.2333333333333,2.16105,NA,0.1,NA,83,3.1,99.9994354248047,87.791,10450,4853491.65285742,464.448961995925,"UM",35.8709863200164,33.9118272078199
"Lesotho",29.0518861878013,36.4005415089979,2.69955429923506,0.0439465719729528,1470.47014683355,6395.46885140888,0.0159207060490272,21.6689530549909,NA,NA,5.42894840881648,24.7843335469564,35.5255542283004,68.264591229733,29.4389998118083,3.52196,26.6666666666667,3.05635333333333,9.61628666666667,0.195848566666667,-0.449273866666667,0.0931538,-0.4298619,-0.218882066666667,16.7,NA,77.9,24.5666666666667,NA,92,NA,24.8712173461914,26.1023333333333,30360,2005883.26045481,66.0699361151123,"LM",28.1701052951705,-29.625290493692
"Liberia",24.2009812561807,38.9283845630309,3.8810426190108,0.0278779871836707,278.550265077219,9397.96894661547,0.00137976052850647,12.4590802673599,26,13.1,8.09006890244953,2.18099999427795,16.3876287464351,70.904903385797,2.0090000629425,2.2835,10.958904109589,2.64189,21.28734,-0.693507,-1.30051666666667,-0.5251444,-0.9417911,-0.857411133333333,35.3333333333333,NA,61.1,1.93333333333333,320.918720992997,74.3333333333333,NA,9.26656125386556,48.9883333333333,111370,4286058.23917251,38.4848544417035,"L",-9.41083615437112,6.43161986225299
"Lithuania",1.84513468971662,2.34541706268545,1.59252170824666,0.1815052482065,11577.808315117,3501.246873444,0.12534382276585,175.987218140648,27.6,0.633333333333333,1.41374005021379,11.9443333943685,91.1769255730422,95.6603365923286,10.426666577657,8.37821333333333,24.2291273364288,8.52092333333333,0.0981933333333333,0.459628266666667,0.882599833333333,0.830959533333333,1.15728633333333,0.875198733333333,2.5,4.19776666666667,100,0.1,NA,93,7.35,100,66.986,65295.3336588542,2980483.37384477,45.6461925658696,"H",23.8806402758435,55.2843194847661
"Luxembourg",1.3623980617467,1.11059511476357,1.46244700088526,0.14072081662302,183834.259725616,77302.7460537786,0.112395330898174,1162.45231727483,24.9666666666667,0.0666666666666667,1.67514175857085,5.61333338419596,97.6218274619581,99.9656819334708,6.02066659927368,7.21534,26.1111111111111,7.11689,4.22209666666667,2.10641666666667,1.65213566666667,1.348497,1.72628666666667,1.84056366666667,2.5,2.84216666666667,NA,NA,NA,99,5.06666666666667,100,89.569,2590,537506.916699568,207.531628069331,"H",5.965223432344,49.765705074151
"Madagascar",23.4199514173553,33.9836284462893,4.2974176516426,0.0231321534259267,61.1463250808227,361.765951722928,0.00712516278987026,0.874318639377155,33.5,38.7,5.87356063243778,0.953999996185303,8.99157826722654,49.5944640711057,0.986333330472311,2.68868,18.5008263067106,2.758095,NA,-0.75317,-1.17317733333333,-0.5844554,-0.634691666666667,-0.853026433333333,33.5333333333333,0.1591,44.3,0.133333333333333,60.7807844519415,72.3333333333333,NA,16.4096725463867,33.8796666666667,587295,22926004.649277,39.0366079215334,"L",46.6911709147164,-19.3561140778288
"Malawi",25.5880169396868,34.7944525178091,4.0245852775827,0.0282759284326486,68.0928285126253,1420.59327009452,0.00391975185821393,0.575890958660891,NA,NA,24.1155544272267,5.92033338546753,24.9402128344174,65.1365656381134,6.9366668065389,2.18047666666667,20.4087507196316,2.33504,18.730795,-0.6100487,-0.528877466666667,-0.0424676,-0.7293907,-0.222454333333333,17.0666666666667,NA,87.4,10.1666666666667,272.957985017817,92,NA,9.43333333333333,15.97,118480,15586988.2615664,131.55796979715,"L",34.1936053269224,-13.1728349923419
"Malaysia",3.6450613931017,2.84044221241165,2.04046634969163,0.0552694387927292,965.029302968856,217.757823877661,0.0828004638929895,10.1105679856731,31.8,0,2.30385794863975,3.00999999046326,99.3763820943421,96.8244176830788,3.27333331108093,5.13889,10.3759868465751,4.97942333333333,10.7687433333333,0.3329897,1.01159923333333,0.104399433333333,0.681635866666667,0.496362966666667,3.36666666666667,1.332,98.8,0.4,2.75391405512311,97,1.9,99.9047536214193,72.9273333333333,330530.677083333,29220459.1356463,88.4046812038548,"UM",109.69814844863,3.72558842577372
"Mali",40.1651454268265,76.2830541698173,6.22819318618537,0.0297671871027796,108.820162151224,1008.86747917756,0.00266296146844822,1.63298343855542,NA,NA,1.86673555380897,6.92366679509481,33.1405300049881,71.4875999506143,7.46999994913737,2.188885,9.86394557823131,2.55018,47.677385,-0.785627433333333,-0.999583966666667,-1.82349333333333,-0.5030735,-0.688202266666667,7,0.1071,58.6,1.36666666666667,443.157967301385,65,NA,29.2106697082519,38.3976666666667,1240190,17621585.9380829,14.2087792500205,"L",-3.54329433945334,17.2677720617007
"Mauritania",24.5939498684477,19.5617889619983,3.94387530891018,0.0374023500927543,1000.19249921186,5618.55883377358,0.00358720912443229,19.9539487550611,24.9,1.4,4.18863252382903,9.85466639200846,38.881168498161,63.2737378508853,12.585000038147,1.99483,23.6376655925528,2.10321666666667,36.2366933333333,-0.847915533333333,-0.9665829,-0.9127538,-0.699353,-0.9254331,7.36666666666667,0.1131,NA,0.3,36.9465099398244,80.3333333333333,NA,37.1828221638997,49.303,1030700,3556716.30594018,3.4507774385759,"LM",-10.326396925235,20.2092672063538
"Mexico",7.61337324945457,7.16747307682478,2.14141692732998,0.0664036714092078,152.881098343995,48.4589842937871,0.0926532650802315,3.44734348980252,39.2,1.15,3.97883886298724,4.8700000445048,87.6218401756447,97.3431486817961,4.89333327611287,5.88084666666667,37,5.72702,4.82485666666667,-0.561847733333333,0.294749,-0.743532266666667,0.457342,-0.500467266666667,4.33333333333333,2.15853333333333,97.6,NA,0.262831948799107,89.6666666666667,1.55,99.3444328401693,78.699,1964380,118139807.689881,60.141015327931,"UM",-102.576349523987,23.9353719022448
"Mongolia",9.49852927624518,8.10866972278385,3.13336823162079,0.0368634789378041,3957.85239580467,11730.4039659577,0.00911431772220344,51.3028104314288,25.85,0.05,12.3583241347946,4.31133325894674,57.0277495844434,79.7916906758912,4.12800002098084,NA,14.8648648648649,NA,NA,-0.4960318,-0.540044666666667,0.5847856,-0.267312033333333,-0.363859533333333,18.6,3.09963333333333,98.9,0.1,NA,98.6666666666667,7,80.4212275187175,68.0966666666667,1564120,3014732.67798164,1.92743055390995,"LM",102.946406208466,46.8236811262636
"Morocco",11.5153931638846,7.46824048006147,2.37639571442456,0.0562692673458998,235.349948802345,472.664759727893,0.0104848048896275,6.35845533511307,31.9,0.2,1.20336237386335,9.30666637420654,85.5287560548339,82.0568240258746,9.93599987030028,3.82561,16.9620253164557,4.15842,14.42826,-0.357850833333333,-0.0562746666666667,-0.469914,-0.1098806,-0.174090866666667,4.46666666666667,0.77275,NA,0.1,0,99,0.966666666666667,94.7168584187825,59.6993333333333,446550,34404645.3281291,77.0454491728341,"LM",-8.42047954454969,29.8853946983021
"Mozambique",26.3178176330251,43.8493998763574,5.17353137780403,0.026292316561556,44.7600525024552,572.203045813317,0.00374905852520524,0.173680194830068,45.5,28.6,3.14118527914294,3.40033332506816,24.4311099831244,46.7273340771173,3.49766659736633,1.55156333333333,39.2,1.65934333333333,39.9037533333333,-0.6147126,-0.655341466666667,-0.0574918333333333,-0.418735666666667,-0.737340366666667,23.5666666666667,0.0557,NA,12.3,374.531192955223,84.6666666666667,NA,20.7028484344482,33.3613333333333,799380,24999399.1868847,31.2734859352056,"L",35.4726159786443,-17.2304489756597
"Myanmar",21.5247241849416,20.2021769112674,2.47853984401383,0.0554960127859105,114.77509368022,240.344088758061,0.00597864405376447,2.0168539332697,NA,NA,4.02130708194858,0.788000007470449,65.8552369734726,75.7642998932297,0.922999997933706,3.143,5.88645693054046,3.10992,NA,-0.981866666666667,-1.419281,-1.05720933333333,-1.569802,-1.258071,12.8333333333333,0.5802,NA,0.8,31.3385948654152,82.3333333333333,0.9,53.2935689290365,29.4576666666667,676590,52001176.6993743,76.8577376245205,"LM",96.5058409420616,21.0169998737738
"Namibia",16.4702883300483,19.1967864505779,3.19200029811959,0.0429335049219924,4484.36872124857,8627.46217592527,0.0255521420799036,37.7755198584042,NA,NA,5.89103082161628,18.1066665649414,33.2258425604894,81.1949268176267,20.0219999949137,NA,24.3589743589744,NA,NA,0.318684266666667,0.146527866666667,0.848551633333333,0.0474351,0.222548866666667,21.2333333333333,NA,88.2,12.5,7.46776255909948,87,NA,48.1682988484701,44.7583333333333,824290,2205767.36477216,2.67596035954841,"UM",17.1561681261941,-22.0997769317311
"Nepal",19.4717187798397,10.5119874511246,2.22749598561368,0.0516519833830698,90.6069822717856,464.014129981395,0.00349336849308906,2.57194532409589,NA,NA,8.95470920644777,1.51933332284292,49.6500329657567,86.9041861632096,1.2946666876475,4.69276666666667,31.3228600917043,4.64055666666667,NA,-0.6960682,-0.920167366666667,-1.07832583333333,-0.826918533333333,-0.701138933333333,6.73333333333333,0.558333333333333,55.6,0.2,1.42528501227543,91.3333333333333,0.3,79.6874359130859,17.8183333333333,147180,28616197.8032402,194.429934795762,"LM",84.0131736769253,28.2394400190494
"Netherlands",2.39724646161497,1.35421603427057,1.68333808494966,0.168643104386652,3201.81753337791,1325.13715919707,0.151892404838932,33.928396126642,22.8666666666667,0,1.97949375306486,6.8266666730245,97.7597437175665,100.000001692899,7.09333340326945,7.59631,38.6666666666667,7.67404,0.45725,2.051365,1.80482166666667,1.125465,1.76424033333333,1.892239,2.5,3.29963333333333,NA,0.2,NA,96.6666666666667,NA,100,89.155,41540,16792646.6724285,404.252447578924,"H",5.5122171009654,52.2987003744418
"New Zealand",2.49762902181428,2.09676388690032,2.08525173457436,0.141980522780653,9234.65613514779,3170.20888294875,0.190479931576886,95.2487099125708,NA,NA,1.14061445162951,6.31599998474121,100.000000900885,100.000000900885,6.96833324432373,8.33844,31.404958677686,8.11712666666667,2.42208,2.30379866666667,1.83029033333333,1.42774033333333,1.87724966666667,1.926104,2.5,3.22113333333333,96.6,0.1,NA,92.6666666666667,2.8,100,86.221,267710,4350976.33916584,16.2525730796976,"H",172.701925944056,-41.6625787571587
"Nicaragua",6.78241465945884,8.07686227132719,2.37738550629241,0.0455076112479962,923.230405039935,3287.62290652155,0.014404597359819,22.5361902069219,37.2,0.8,6.78832900142261,5.00233348210653,71.3966119670493,81.412242019683,5.63000011444092,NA,40.9420289855072,NA,NA,-0.798607633333333,-0.849846933333333,-0.212924533333333,-0.327324033333333,-0.706403966666667,18.3333333333333,0.8844,88,0.2,0.564696776334724,98,0.9,80.3428700364584,57.5046666666667,130370,5994099.0557444,45.9775949662069,"LM",-85.0203185008025,12.848190428037
"Niger",27.1151313492443,80.4435298267229,7.56515388467682,0.022819090460524,47.2626395730306,464.178774915972,0.00298860778201962,1.66380983128531,27,13.7,0.607344569975989,0.455333332220713,11.9040770815165,47.1394732991168,0.358000000317892,0.95789,13.2743362831858,1.15706,70.98093,-0.646550133333333,-0.6999262,-1.21525666666667,-0.625309466666667,-0.6510035,NA,0.03915,29.3,0.3,417.083661523275,75,NA,14.6236662546794,16.213,1267000,18504216.6630815,14.6047487474992,"L",9.32442709985792,17.3455528147455
"Nigeria",37.1944126963859,67.4647899289203,5.01255382915537,0.0270497422221045,28.9221467866199,20.476390206242,0.0102611686733195,0.7594160401931,NA,NA,9.58536494819401,3.99999992052714,36.2753098176575,65.9380736638938,4.09333324432373,2.84781333333333,6.66666666666667,2.99996666666667,NA,-1.221698,-1.05817786666667,-2.08694266666667,-0.7294846,-1.10306566666667,8.66666666666667,0.3828,35.2,1.3,330.265922465032,42.6666666666667,NA,55.413939666748,46.1153333333333,923770,182155340.117193,197.186897298238,"LM",7.99512775408979,9.54831841820996
"North Macedonia",5.7326288543166,3.15484565686951,1.46761405875488,0.117400389645768,7112.97864515172,14889.3338600765,0.0186802177822255,134.019030210572,25.6,2.26666666666667,1.93978373373636,29.3473339080811,96.8449783007232,93.4310451653482,29.3240000406901,6.41677666666667,33.3333333333333,6.50419666666667,NA,-0.0361218666666667,0.00290113333333333,-0.217447666666667,0.388356266666667,-0.157616133333333,3.63333333333333,2.785,99.9,NA,NA,96,4.4,NA,57.1993333333333,25710,2131036.15502419,82.8874428247447,"UM",21.6979033752808,41.6059296471401
"Norway",1.4346826699076,1.11353057421863,1.69354761503442,0.157703674346699,11852.1951777615,5711.12713063375,0.177028259858721,173.062035389348,21.2666666666667,0.1,1.61968439403384,3.34333332379659,98.0591468125037,99.9999987926301,3.03366669019063,6.62315333333333,39.6449704142012,6.71409333333333,0.91989,2.25915,1.87418366666667,1.266507,1.61994233333333,1.98919033333333,2.5,2.61183333333333,99.1333333333333,NA,NA,94,3.95,100,80.284,545204.075520833,5051012.92393733,9.2644445460392,"H",15.4681199552068,69.1568563097536
"Oman",5.5629333192566,5.21013023591623,2.56079707365336,0.0201154618390118,9165.52951777451,5119.45889721198,0.075657351483232,25.6318137050812,NA,NA,1.67186882821845,4.26200000445048,99.4190719226253,88.9777801430052,12.8533334732056,5.97,1.19047619047619,5.934295,4.50985,0.217275,0.2481528,0.552171533333333,0.5465873,0.5005979,7,2.0677,98.7666666666667,0.1,0,98.3333333333333,1.66666666666667,100,78.8636666666667,309500,3801536.64683448,12.2828324615008,"H",56.0986728199754,20.6111743742295
"Pakistan",42.2869841984853,22.1251729319426,4.08585289897566,0.0323307943963484,25.7865957113073,33.3669823579255,0.00642202051039238,0.395310909199568,26.1,0.9,8.18796400267425,2.16033335526784,53.7036409891535,90.1528228187928,2.37933333714803,2.14862666666667,21.333562664832,2.51418333333333,56.580405,-0.9510401,-0.7749125,-2.56052833333333,-0.7000942,-0.833791866666667,16.1666666666667,0.877766666666667,51.55,0.1,7.89198448808207,66,0.6,94.1708811442057,35.6133333333333,796100,196572147.178128,246.918913676835,"LM",69.4139980631813,29.9734600255474
"Panama",6.55949252371618,8.19324287931232,2.48877542577504,0.0778141620917568,6098.7985758007,1470.17355470494,0.181724359613018,117.436313733765,39.2666666666667,1.06666666666667,4.11729550222068,2.47133334477742,78.3614431972892,94.4724499273893,3.22100003560384,4.67409,12.0665513549131,4.52104,9.837185,-0.347824133333333,0.2785834,-0.0372284666666667,0.3706347,-0.155746433333333,8.76666666666667,1.59,93.2,NA,0.237545590106737,81.6666666666667,2.3,90.2572865804036,66.0546666666667,75420,3686899.35429038,48.8849026026303,"H",-80.1091648354938,8.53001938886465
"Papua New Guinea",19.8150792314701,33.7179818720097,4.35983805127329,0.0277018844274378,451.267685454699,1338.36631307442,0.00683849385298824,0.904499437890859,NA,NA,4.90654658141852,2.62433338165283,15.331184991449,38.9919375798332,1.50466668605805,1.98165,2.7027027027027,2.3202,NA,-0.936673966666667,-0.672120166666667,-0.483352133333333,-0.455569,-0.861853,NA,NA,NA,0.766666666666667,209.440821955057,56.3333333333333,NA,20.7085018157959,12.9826666666667,462840,8296721.02566441,17.9256784756383,"LM",145.317574627822,-6.45164451463034
"Paraguay",5.93307909112139,8.4226163494224,2.31473999926819,0.0574783940243141,1927.8281454949,918.382045744897,0.0634122269109583,50.3813136759207,38.3,0.666666666666667,3.79620134716614,4.50133339564006,85.5136629889005,94.5916959612423,5.75799989700317,4.78758,15,4.6145,9.96621,-0.9550368,-0.893597166666667,-0.565463766666667,-0.304934366666667,-0.775837266666667,7.8,1.2774,96.05,0.5,0,91.6666666666667,NA,98.6174053333333,60.1926666666667,406751.9921875,6386096.56574543,15.700221974086,"UM",-58.3873878335057,-23.2480419462921
"Peru",7.88185570631225,7.77198551307865,2.51206045072969,0.0713547260290912,410.347743546673,158.249774550371,0.079603202457566,6.4796436352872,32.7333333333333,1.2,3.2357962065426,3.10266661643982,72.3135061815957,88.9294108481067,3.36966665585836,4.78229666666667,21.7948717948718,4.82223666666667,NA,-0.451417633333333,-0.175488466666667,-0.754587133333333,0.4906103,-0.553806133333333,5.76666666666667,1.1411,88.8666666666667,0.3,5.31680621061378,90.3333333333333,1.53333333333333,92.0516206666667,76.9886666666667,1285220,30766662.5746242,23.938829596975,"UM",-74.3918058168472,-9.19156290513455
"Philippines",10.5074208958463,12.4913844803508,3.14082067337077,0.0440885765165067,76.9586286697022,21.863023068648,0.0482502585804951,1.58581481115241,36.3,2.3,3.06915833710267,3.53366661071778,72.0225951932716,91.5906473079953,3.75999999046326,3.6462,25.8528680734929,3.4989,6.07189,-0.460293933333333,0.139901466666667,-0.995437966666667,-0.0566351666666667,-0.414620466666667,14.4333333333333,NA,72.8,0.1,0.297743299902732,81.3333333333333,NA,87.4893341064453,45.9026666666667,300000,101691053.508828,338.970178362762,"LM",122.902672369887,11.7637993622977
"Poland",2.22235611850315,1.78921486039133,1.35278181398285,0.14516348111128,777.852205718981,293.484079841581,0.107986585542163,9.60242535973099,25.3,0.133333333333333,1.53539181220009,9.80133342742919,96.3189051222717,98.3704353853816,10.5370003382365,6.00374666666667,23.9130434782608,6.07488666666667,6.03119333333333,0.631466133333333,0.741842933333333,0.955258266666667,1.02061386666667,0.8134994,2.5,2.2534,99.8,NA,NA,98.6666666666667,6.5,100,60.5286666666667,312680,38461148.6227719,123.004824813777,"H",19.3110143084487,52.1482602193319
"Portugal",1.67569120044863,1.29144640355771,1.23611781314426,0.195817919815762,3037.97395981707,1312.15623228475,0.128338732548199,64.7758423318908,27.5666666666667,0.333333333333333,0.92320061323835,15.2013336817424,99.1859889521227,99.8536181932662,15.3966668446859,6.77805,30.4347826086957,6.83715333333333,0.935585,0.952780766666667,1.0847836,0.776770133333333,0.793690133333333,1.08727833333333,2.5,4.39533333333333,98.95,NA,NA,98,3.4,100,62.3503333333333,92220.263671875,10773465.8794859,116.823195364291,"H",-8.05576558829569,39.6340497749782
"Qatar",4.28749430492456,3.8444167751462,1.87176507706688,0.00779757107371775,48369.9928027744,21077.1071249919,0.0629298343686006,90.7987011220956,NA,NA,2.96234898640158,0.319999997814496,100,99.8149008298266,1.84133330980937,NA,0,NA,9.49681,1.0533874,0.979844533333333,1.1378676,0.707189,0.9269113,NA,1.7351,100,NA,NA,92.6666666666667,1.26666666666667,100,98.7833333333333,11610,2224706.52735395,191.619855930573,"H",51.1835025789133,25.3218509742067
"Republic of Moldova",8.82896039102446,3.82672973044337,1.29676827218109,0.116772410344261,1822.72282703293,512.081006318645,0.136059327620634,52.5031476451546,NA,NA,NA,NA,NA,NA,NA,NA,NA,NA,NA,NA,NA,NA,NA,NA,NA,NA,NA,NA,NA,NA,NA,NA,NA,NA,NA,NA,"LM",28.4104827908033,47.2036764260675
"Romania",4.04790998693394,4.29671951000946,1.5697371093314,0.164501450798691,1358.44647190951,405.540639003298,0.109849492303378,10.1945961582394,25.1333333333333,2.13333333333333,2.79598163641955,6.89733346303304,81.3357246981638,100,6.16033331553141,7.68172666666667,13.404180879909,7.71586,4.809725,-0.1879967,-0.137456166666667,0.103536933333333,0.582589433333333,0.110835866666667,2.5,2.60635,98.8333333333333,0.1,NA,92.3333333333333,6.25,100,53.937,238396.666666667,20187702.0954472,84.6811424745054,"H",24.9432524946354,45.857101035738
"Russian Federation",3.02406575584962,3.75262910860497,1.74410084141285,0.127712810508344,179.269564581649,60.0266906200735,0.0852504742527178,3.13818067054452,32.2,0,6.55062170295202,5.35133330027262,88.8034296316197,96.5733268209684,5.00833336512248,6.73169,13.5555555555556,6.78862,2.384465,-0.9916433,-0.294880533333333,-0.8324746,-0.3594809,-0.781371433333333,2.5,4.07073333333333,99.7,NA,NA,97,8.3,100,73.868,17098250,145818196.254072,8.52825267229526,"UM",96.803318182901,61.9616634949229
"Rwanda",20.3607992470183,27.2240049334516,3.77421868927635,0.027755934390658,168.341135009182,2181.71983505604,0.00411665927567728,0.936959295075722,37.9,21.3,6.17895417738927,1.16166667143504,61.8650659344428,54.8390712984451,1.21066665649414,2.47597,61.25,2.38234333333333,NA,0.649466933333333,-0.0179541666666667,-0.218345466666667,0.0511151333333333,-0.123171033333333,25.9666666666667,0.0965,NA,3.06666666666667,137.571187761289,98,NA,17.0232588450114,16.9523333333333,26340,11115633.6315445,422.00583263267,"L",29.9189639222429,-2.01351446583413
"Senegal",25.6470790962751,24.9790857017669,4.36265115667078,0.0354372475320515,238.18757319701,1063.78817004748,0.00394889103595422,4.91326254890553,NA,NA,0.346073041334922,8.52666664123535,48.668605689661,75.7953031292322,10.3623332977295,3.30086666666667,42.8888888888889,3.35337,NA,-0.1292761,-0.429541266666667,-0.122422633333333,-0.116243433333333,-0.202494533333333,10.1666666666667,0.3179,54.8,0.5,54.7778119408953,90.6666666666667,NA,58.3851992289225,45.0193333333333,196710,13367093.747385,67.9533005306542,"LM",-14.5098027858594,14.354139988452
"Serbia",2.52016310110779,1.77205163382412,1.4508439150723,0.15912353628218,1856.54803385909,2868.62119491911,0.0323507752335597,56.4465241618348,28.5,3.46666666666667,5.70236582124484,21.7923329671224,97.2260484581194,87.7986436871301,23.0569998423259,7.67256,33.4666666666667,7.57948,0.58912,-0.285877166666667,-0.0329971333333333,-0.0362756,0.00556023333333334,-0.2773641,3.16666666666667,2.4839,99.1,0.1,NA,93,5.7,99.7876793075723,55.4693333333333,88360,8943888.37979348,101.22100927788,"UM",20.8196519263826,44.2330365336516
"Sierra Leone",29.0537445235177,74.0445013565332,4.40224210302534,0.0316548655020728,195.323887093899,4368.93353576919,0.00460353715406597,17.1461580960463,NA,NA,5.58403101086081,4.57200002670288,14.2367322084669,55.7840601257119,3.71166666348775,2.488725,12.2967208744335,2.682635,40.40554,-0.932544066666667,-1.23162033333333,-0.186234433333333,-0.738637266666667,-0.878153233333333,32.1666666666667,NA,59.7,1.6,429.824832746084,88.6666666666667,NA,14.9026273091634,40.0366666666667,72300,6976782.95923447,96.4976896159678,"L",-11.7952574285599,8.53035372615305
"Slovakia",2.5958785943227,2.91711236663794,1.45392366948622,0.133499405322968,5963.70618313122,2415.56100452533,0.128141360684294,81.3763706621466,NA,NA,NA,NA,NA,NA,NA,NA,NA,NA,NA,NA,NA,NA,NA,NA,NA,NA,NA,NA,NA,NA,NA,NA,NA,NA,NA,NA,"H",19.5076571474337,48.7267113517275
"Slovenia",1.30153405660348,0.778111458658012,1.56434989637425,0.172736706093737,17440.3352108481,7283.61505289491,0.131154156627542,159.12593070293,21.2333333333333,0,1.52198618192664,9.53666687011718,99.1091047892699,99.5393460312174,10.2766669591268,7.39996333333333,33.3333333333333,7.38411666666667,1.90031,0.765281666666667,1.01665766666667,0.927711933333333,0.640805,1.00576833333333,2.5,2.64286666666667,99.8,NA,NA,95.3333333333333,4.55,100,53.3323333333333,20540,2059058.614621,100.246281140263,"H",14.9381523207957,46.1254220590104
"Solomon Islands",11.7399668906998,13.2296051989941,4.45404474309936,0.028827579310852,3887.93271170659,62201.4352220949,0.00301981957642401,10.2941898206797,29.2,6.8,5.48975743001296,0.780333340167999,29.8317916359949,70.9545779593212,0.794000009695689,3.40528,2,3.51965,NA,-0.3454468,-0.899292233333333,0.319307933333333,-1.07491533333333,-0.522611933333333,12.3666666666667,0.17095,NA,NA,80.8050372093697,84,1.4,41.5354789733887,21.433,28900,587906.604247065,20.3427890742929,"LM",159.96661544743,-8.85249747084853
"South Africa",20.3709249926562,16.6211875442393,2.25778292976485,0.0549253576113714,248.17825249913,187.999424727911,0.0597900367113636,1.52951141438947,50.5,6.1,5.87878931608112,24.7330004374186,71.9921145370226,90.9875128334216,26.8930002848307,5.36263,42,5.165775,NA,-0.0823876333333333,0.3750043,-0.0726900666666667,0.363138133333333,0.150456733333333,4.2,0.740566666666667,NA,19,1.66980833564793,79,NA,85.5666666666667,63.7923333333333,1219090,52331743.5366982,42.9268909897532,"UM",25.0480138798617,-28.9470332599791
"Spain",1.65787596749955,1.43446464399074,1.29336122026856,0.176958513652265,842.690022439521,330.390723730505,0.149746580609362,14.9242415215887,25.9,0.633333333333333,1.23455872144213,25.10733350118,99.9042506874315,99.9565807544445,25.7116667429606,7.0701,37.2380952380952,7.09669333333333,3.17959,0.8870534,1.14497,0.0752077,0.880843266666667,1.0126624,2.5,3.14926666666667,NA,0.4,NA,96.6666666666667,3,100,79.1336666666667,505940,47053424.4406874,93.0019852960576,"H",-3.61702060238737,40.3486561062267
"Sri Lanka",4.51670305939681,3.41570024257111,1.96088462170247,0.080553473174031,611.558328460026,410.300601055559,0.0243935870016136,9.17051040424179,32.2,0.3,5.87678878767981,4.10500001907349,93.0738838834614,87.0982408885502,6.33633343378703,8.105875,5.77777777777778,7.92153,6.242735,-0.26517,-0.1078395,-0.553479533333333,-0.1223665,-0.189807466666667,8.83333333333333,0.799733333333333,99.95,0.1,0.00162343494695003,99,3.6,90.4001525878906,18.204,65610,21012315.9449257,320.260874027216,"LM",80.6672357493165,7.7005344172481
"Sudan",21.8888314701541,21.6364640350276,4.05557935398842,0.0322925767004007,125.851605290842,190.882157261995,0.0130038106792704,4.74585036636927,27.8,2.8,36.3293483716591,17.4520003000895,32.2918894275569,56.1078829728448,30.2873338063558,2.08134333333333,24.482109227872,2.17205666666667,NA,-1.466667,-1.47904066666667,-2.27221933333333,-1.46229333333333,-1.22160766666667,16.3333333333333,0.1903,77.5,0.2,31.666663836518,93,0.8,39.4464653015137,33.514,NA,35710285.8426473,NA,"L",29.8626040122579,15.9905850031167
"Suriname",17.1360240227486,9.21745234928021,2.24000128439186,0.0723133744294938,26639.9046277168,19732.2937881807,0.0501813821723315,383.86328734987,NA,NA,3.4379039874169,7.21333344777425,83.2093982109589,93.8355630697931,12.0336669286092,6.08959666666667,11.7647058823529,5.23413333333333,15.1474366666667,-0.350856933333333,-0.0671401666666667,0.153791833333333,-0.517074566666667,-0.0799140666666667,7.93333333333333,NA,NA,1.4,6.95181819352965,74.3333333333333,NA,88.8873952229818,66.1456666666667,163820,556595.931907052,3.39760671411947,"UM",-55.9114562995207,4.12000803175889
"Sweden",1.43011509120988,1.18753942183126,1.82412364873068,0.195205835870129,5147.39517793604,2458.42298425686,0.184489114569881,81.1155579816883,22,0.366666666666667,0.221482014220131,7.99366664886475,99.3050475941669,99.999996617653,7.76433324813843,7.26943666666667,44.7946513849092,6.98836666666667,1.45011666666667,2.25262166666667,1.889975,1.12126333333333,1.87492166666667,1.97214633333333,2.5,4.12213333333333,NA,NA,NA,97.6666666666667,2.6,100,85.9343333333333,447420,9680575.45698792,21.6364388203208,"H",16.596265846848,62.8114849680803
"Switzerland",2.6089455375479,1.10371582240424,1.4950358547682,0.175965433047782,7731.34702049286,2593.9542467816,0.106209584879869,237.991063322888,25.3333333333333,0,-0.307694506607829,4.68600018819173,99.892206011074,100,4.87766679128011,6.75784,30.3333333333333,6.845145,NA,2.14356633333333,1.94293233333333,1.40737633333333,1.697904,1.87289133333333,2.5,4.0192,NA,0.2,NA,96,4.75,100,73.6743333333333,41290,8239608.76414379,199.554583776793,"H",8.11830061338549,46.7917376836676
"Tajikistan",15.008774266737,17.6923450577598,3.15915255699069,0.028304637351097,351.964861286921,1605.55721641316,0.00505248392277004,12.1840578745073,NA,NA,5.64841337168688,11.6236667633056,95.2297818862726,74.979084997469,10.516666730245,5.8157,18.348130212537,6.144375,NA,-1.22905733333333,-0.9240637,-1.03885826666667,-1.02435166666667,-1.15468,NA,2.61623333333333,89.5,0.166666666666667,0.0028945327662534,95.6666666666667,4.8,99.6652862548828,26.5963333333333,142158.665364583,8319394.46391742,58.5218948319563,"L",71.0344350489611,38.5830814642108
"Thailand",3.7003758895882,4.311256700406,1.30390138185351,0.0969184900824845,256.481019223167,53.802274208807,0.126019877061651,1.01890060164472,29.4333333333333,0,2.36497583588151,0.548333317041397,97.1194176481156,98.7815391503091,0.523666679859161,5.85923666666667,12.5637901861252,5.68295333333333,12.38838,-0.386664133333333,0.270210966666667,-1.1449001,0.247780466666667,-0.1543302,9.1,NA,99.6,1.36666666666667,2.67510081648219,99,NA,99.6486625818998,46.1936666666667,513120,68803461.1663811,134.088441624534,"UM",101.006133546261,15.0169749914165
"Timor-Leste",15.6883650533135,16.665338817173,4.34795956925765,0.0489450555929818,5297.58107000963,59538.8228154715,0.00352277052925749,11.0416309996038,24,4.4,7.87049773242978,4.01466655731201,49.1263479216372,70.1944340160487,5.08366664250692,4.26971666666667,38.4615384615385,4.21705666666667,16.46033,-0.648736733333333,-1.19755233333333,-0.283068733333333,-0.964258966666667,-1.158311,30.9666666666667,0.64975,NA,0.1,3.11256787482178,80.6666666666667,NA,54.9754854838053,28.78,14870,1181583.92100212,79.4609227304719,"LM",125.966300273684,-8.767760362467
"Togo",25.4539748352773,39.7097978548736,4.13560078362643,0.0274979560509745,220.667243380589,963.129840221146,0.00568212763424536,7.14217733685263,NA,NA,1.53115052529997,2.11333338419596,14.4811747755484,60.6766731379657,1.69466666380564,NA,14.6927146927147,NA,NA,-0.973462633333333,-1.286202,-0.302431833333333,-0.862218633333333,-0.919576166666667,21.6,NA,44.6,2.63333333333333,373.257089317297,84,NA,42.091827138265,39.062,56790,6898494.74903684,121.473758567298,"L",0.996403943670358,8.43954195466962
"Trinidad and Tobago",10.2840624831754,5.36277130863954,1.59281768737989,0.0960950886730571,22864.2239050697,8790.21078817793,0.0903367512453658,529.931089206453,NA,NA,6.71483897376523,2.71233336130778,93.3115093897149,97.8603197465928,3.25700004895528,NA,28.5714285714286,NA,NA,-0.2618468,0.3482872,0.148609333333333,0.247962666666667,-0.133479533333333,6.5,NA,100,1.03333333333333,NA,92,2.8,99.9766235351563,53.538,5130,1364212.68491015,265.928398617964,"H",-61.3303669144497,10.4282370892019
"Tunisia",7.0346609377333,4.81588883607815,1.92952669534188,0.0757801044993519,1044.8237160119,1718.45863124032,0.0240405998374126,26.3126226819427,NA,NA,4.85121021022454,16.2073329289754,88.8019503153545,94.7395509006432,23.4016666412354,NA,28.2642089093702,6.22089,NA,-0.0545482,-0.0758682666666667,-0.825180566666667,-0.300948966666667,-0.1427636,2.93333333333333,1.2769,73.6,0.1,NA,94.6666666666667,2.13333333333333,99.6666666666667,67.495,163610,11087849.376791,67.7699980245155,"LM",9.53471612069584,34.1729390368824
"Turkey",8.80859470916822,7.10083462801934,1.51493390395455,0.0784639424664385,347.132269670902,221.665375550314,0.04946918269452,2.14773502435956,30.9,0.0333333333333333,8.41307766141393,8.92033354441325,95.5633827500799,98.539595370337,10.5686667760213,7.29979333333333,14.3379783233798,7.44559666666667,3.21309,0.0340157,0.384994733333333,-1.18550033333333,0.416223866666667,0.0361287333333333,2.5,1.7521,97.4,NA,0,97,2.7,99.9949696858724,72.5273333333333,785350,77329713.3179113,98.4652872195981,"UM",35.1169001509384,39.0683719406147
"Turkmenistan",13.6571284864379,12.3117493673838,3.00674703198049,0.0448621503247854,3626.70579890696,797.368744349859,0.0576972452203846,101.530227616902,NA,NA,NA,4.00633343060811,96.9778719811098,96.8159517328477,2.27799995740255,6.71983,20,6.86548,NA,-1.384598,-1.1270616,0.250463133333333,-2.07222266666667,-1.38463233333333,4.66666666666667,2.2249,NA,NA,0,97.6666666666667,7.4,99.9837697347005,49.5456666666667,488100,4745542.61099922,9.72248025199595,"UM",59.2754302623614,39.0912401801758
"Uganda",26.1194638456054,33.1977362015446,5.36111540142734,0.0231761125905941,50.1347296017404,295.484233344637,0.00666972123738302,1.47672684844365,32.9,10.7,6.88537608983087,2.44700002670288,18.3533413194783,43.4251932042183,3.04833332697551,NA,34.9740932642487,NA,NA,-1.0387179,-0.552479066666667,-0.882927766666667,-0.232642866666667,-0.3592747,NA,0.0975,NA,6.6,268.874920168195,84,NA,16.8383213043213,20.962,241550,35234406.7724694,145.867964282631,"L",32.3575503199869,1.29548550350973
"Ukraine",4.52084629258068,4.68246321734607,1.42190275443058,0.149452408543969,186.95705701723,348.185487023614,0.0147145813541844,6.1784989836861,20.8333333333333,0,4.13387854439456,7.98966677983602,96.0783793250148,93.9274566104695,6.72466659545898,6.58535666666667,10.1810237203496,6.65507333333333,4.94120666666667,-1.06769756666667,-0.547410533333333,-0.9634643,-0.616104333333333,-0.792781466666667,2.5,3.3266,99.6,0.9,NA,58.3333333333333,8.85,99.9558303886926,68.875,603550,45713928.7022863,75.7417425271913,"LM",31.2291220702665,49.1488226084035
"United Arab Emirates",2.65004811919733,2.73798309674808,1.24826715175712,0.00535506761877522,8076.55221552413,2509.39744902172,0.0789050122979727,44.2637896852017,21.4,0,1.36988530691419,2.43233331044515,98.569556199132,95.9619851003658,5.67366663614909,NA,17.5,NA,NA,1.21597933333333,1.253833,0.8423175,0.8163463,0.603587033333333,3.7,1.73776666666667,99.9,NA,0,97.6666666666667,1.15,100,85.0633333333333,83600,8866326.02522705,106.056531402237,"H",54.2067147615963,23.8686336533476
"United Kingdom",2.48503456698604,1.67168448602434,1.74692600985711,0.169551049112559,677.092888603799,270.366371807629,0.185647984071859,7.62528785558573,25.3333333333333,0.1,2.10534054204824,7.17333348592122,99.1148584583737,99.9999979884127,6.74700005849203,7.89028333333333,22.5128205128205,7.80826333333333,4.27525666666667,1.703922,1.55657433333333,0.434606566666667,1.747174,1.771095,2.5,2.68633333333333,NA,NA,NA,95,2.8,100,82.1013333333333,243610,64954697.7139888,266.633954739086,"H",-2.85313539518056,53.9147734805371
"United Republic of Tanzania",24.3684898027383,33.5813391502998,4.98724309113742,0.0312888861770402,53.1318921911803,8.71623161670356,0.167200154064742,0.552239861896571,NA,NA,NA,NA,NA,NA,NA,NA,NA,NA,NA,NA,NA,NA,NA,NA,NA,NA,NA,NA,NA,NA,NA,NA,NA,NA,NA,NA,"LM",34.752989854756,-6.25773242850609
"United States of America",3.71478905071611,2.84440434230716,1.80600542028723,0.139196298509413,185.039446816946,68.0576652109171,0.22380055646531,3.25969219324743,NA,NA,NA,NA,NA,NA,NA,NA,NA,NA,NA,NA,NA,NA,NA,NA,NA,NA,NA,NA,NA,NA,NA,NA,NA,NA,NA,NA,"H",-112.599435911504,45.7056280021519
"Uruguay",4.6384832388729,3.87987283502219,1.94907308022977,0.142064946368981,6608.52282834922,2317.19336031338,0.170279114654408,91.5798339734711,29.6666666666667,0,8.51675139269608,6.48066663742066,95.8073050980096,98.878832953239,8.29966640472412,NA,12.4579124579124,6.54933333333333,8.687585,1.36979833333333,0.4574561,0.835261866666667,0.502766666666667,0.6226785,2.5,NA,99.2,NA,NA,94.6666666666667,2.6,99.5393227724609,94.8423333333333,176220,3387698.68508402,19.2242576613552,"H",-56.0032786665485,-32.7809043652308
"Uzbekistan",11.283433775371,10.5099588191035,2.55748560000555,0.0307152734791633,213.504050180903,174.508754950888,0.0350053923765473,4.78894628594914,NA,NA,NA,4.94000005722046,99.8574491720802,97.1004517904958,4.70066674550374,7.33738,22,7.37166,7.52513,-1.25001566666667,-0.817549133333333,-0.4426423,-1.63114966666667,-1.21551533333333,6.66666666666667,2.4079,100,0.133333333333333,0,99,4.1,99.9999694824219,50.95,447400,30661503.084164,68.5326398841394,"LM",63.2036395282318,41.7486026646522
"Vanuatu",11.7177536325466,12.8911778487655,3.37260789325892,0.0390613100695374,11728.151789427,233652.526521232,0.00174003052289511,34.6561682259495,NA,NA,1.20173372815092,4.63399998346964,42.2829249781837,88.5901450586413,5.14933331807455,NA,0,NA,NA,0.362285133333333,-0.323233033333333,0.999377766666667,-0.524956633333333,0.257496366666667,6.53333333333333,0.1844,89.4,NA,21.1975813544366,84,NA,38.2620592753092,24.761,12190,262381.754942214,21.524344129796,"LM",167.073751268227,-15.5426770575549
"Viet Nam",7.02603712101804,6.0155245882462,1.80127922702034,0.0605658152081443,71.4040234075369,18.7456973556185,0.0920395982979405,1.43478556507221,NA,NA,NA,NA,NA,NA,NA,NA,NA,NA,NA,NA,NA,NA,NA,NA,NA,NA,NA,NA,NA,NA,NA,NA,NA,NA,NA,NA,"LM",106.285840797052,16.6579377532549
"Zambia",21.6240779267867,31.0178632031979,4.48537934536158,0.0241487840585328,234.883274010243,1085.66829204465,0.00812505814045134,1.43203313118825,NA,NA,7.12015043271447,8.60266669591268,25.7380297096461,57.5580980052153,8.86733341217041,NA,11.2298099922062,NA,NA,-0.3111092,-0.489424266666667,0.4177026,-0.468045,-0.2897689,NA,0.1658,63.3,12.3666666666667,217.27645455129,81,NA,26.0881228129069,40.867,752610,15099120.7400231,20.0623440294749,"LM",27.7275919187606,-13.3950675535242
"Zimbabwe",23.6845397224785,29.4265181037288,3.73590259002518,0.0314516082123293,208.371733610704,689.608258640573,0.0111280171433076,3.22662488580669,NA,NA,1.71325644470752,5.37400007247925,38.9458492332114,65.9782718195297,5.97166681289673,3.0424,25.9720779970001,3.127365,3.491485,-1.38810966666667,-1.274789,-0.719394,-1.87845666666667,-1.54680066666667,NA,0.0960333333333333,80,14.5,80.3546296960446,93.6666666666667,NA,35.3685635884603,32.664,390760,13630974.9295791,34.8832401719191,"LM",29.7885483718925,-18.9069879478588
